Symbol,Key,Strategy,TradePnL,TradePnLSD,TradePnL_5,TradePnL_95,TGP,TGPSD,TGP_5,TGP_95,Trades,Nfamily
BTC-USD,BTC-USD_12_124_80,MACD,209.226666666667,566.599052685902,-11.0525,765.695,1034.97135416667,2852.99305282901,-1567.85,7586.5,12879,384
BTC-USD,BTC-USD_10_124_80,MACD,113.007395833333,208.655196513517,-10.1825,698.9575,956.046875,4007.7706535397,-2277.4,7567.8,13311,384
BTC-USD,BTC-USD_12_149_53,MACD,104.94875,184.704455634001,-12.4375,523.895,935.809895833333,48907.3214002897,-5461.2,8900.19999999999,13667,384
BTC-USD,BTC-USD_14_124_80,MACD,95.5617708333333,179.040631589561,-13.955,468.1875,768.026041666667,2302.17380174028,-1537.5,6150.85,12672,384
BTC-USD,BTC-USD_17_149_53,MACD,95.3047916666667,169.910007864716,-13.53,551.175,963.161458333333,26257.1049243401,-9171.65,12687.15,12730,384
BTC-USD,BTC-USD_21_149_53,MACD,94.3844791666667,135.574168117597,-10.56,355.65,830.59375,3338.31001890338,-2191.3,6376.04999999999,12182,384
BTC-USD,BTC-USD_25_149_35,MACD,90.3659375,159.055797085426,-10.5775,464.9175,865.2578125,4113.16527231524,-3661.25,7435.2,12970,384
BTC-USD,BTC-USD_14_149_53,MACD,90.0548958333333,173.954033256791,-12.52,495.12,839.130208333333,30729.5872860589,-4827.25,9958.99999999999,13132,384
BTC-USD,BTC-USD_30_149_53,MACD,84.4551041666667,116.18958212195,-29.985,304.4025,797.341145833333,2676.57079636672,-1888.9,6090.15,9270,384
BTC-USD,BTC-USD_14_60_120,MACD,75.2705208333333,141.295796304809,-12.37,381.4675,629.385416666667,6084.8706105512,-4781.3,6483.89999999999,13538,384
BTC-USD,BTC-USD_17_86_120,MACD,70.3590625,103.37039851227,-7.04,286.8925,618.934895833333,1871.51792972593,-1308.75,4383.4,12004,384
BTC-USD,BTC-USD_21_149_24,MACD,67.2195833333333,116.366004910248,-12.4175,321.0825,609.658854166667,2631.9488437684,-1974.6,5445.79999999999,13890,384
BTC-USD,BTC-USD_14_104_80,MACD,62.2967708333333,127.897870641875,-9.6275,391.545,736.325520833333,11387.975320556,-2716.2,5221.7,13197,384
BTC-USD,BTC-USD_21_124_80,MACD,59.6477083333333,107.367128405585,-21.345,274.0625,529.268229166667,1681.75890562176,-1176.1,3830.45,9587,384
BTC-USD,BTC-USD_25_149_53,MACD,58.0967708333333,95.0799177810551,-25.7375,261.2725,571.890625,2049.62885986749,-1091.4,5376.2,9761,384
BTC-USD,BTC-USD_25_124_80,MACD,57.7663541666667,109.703053146783,-22.0925,335.9775,473.598958333333,1881.20773678199,-1079.25,4267,9320,384
BTC-USD,BTC-USD_17_60_120,MACD,54.7177083333333,107.50126334121,-12.66,304.05,370.278645833333,5403.55472139541,-3713.9,4734.19999999999,13369,384
BTC-USD,BTC-USD_10_149_53,MACD,51.4038541666667,102.01089982391,-13.535,273.2425,386.705729166667,10047.4337933742,-3458.8,4435.29999999998,13898,384
BTC-USD,BTC-USD_25_60_53,MACD,46.4376041666667,81.4492026615335,-12.8825,235.3725,465.8125,1154.53360933815,-836.35,2977.34999999999,13737,384
BTC-USD,BTC-USD_10_86_120,MACD,41.7853125,88.8142824568344,-14.74,274.5925,422.026041666667,3217.07502107521,-3062.1,5150.55,13281,384
BTC-USD,BTC-USD_25_60_120,MACD,41.2517708333333,90.5881096879228,-14.7075,275.8075,435.541666666667,2181.18182407964,-3260.6,4606.2,12873,384
BTC-USD,BTC-USD_12_86_120,MACD,40.0497916666667,76.7599895776188,-14.28,212.0625,300.799479166667,1647.80010762027,-1505.35,3461.24999999999,12954,384
BTC-USD,BTC-USD_30_124_53,MACD,34.5285416666667,72.7785677239951,-20.3875,211.565,360.744791666667,1373.45971928375,-1027.45,2373.15,9953,384
BTC-USD,BTC-USD_25_50_53,MACD,31.6291666666667,72.9967890377691,-15.7025,203.865,246.932291666667,864.052828502272,-762.55,2244.55,13355,384
BTC-USD,BTC-USD_17_72_53,MACD,26.426875,52.4282540201871,-12.765,146.74,198.6171875,744.336069705516,-712.45,1690.6,13464,384
BTC-USD,BTC-USD_30_86_24,MACD,25.5994791666667,56.0486915264856,-15.0825,124.56,158.0859375,783.633476834565,-925.95,1658.4,12915,384
BTC-USD,BTC-USD_21_72_53,MACD,23.9301041666667,52.2769508532714,-13.305,146.8625,191.966145833333,747.356215045295,-875.25,1468.7,13859,384
CL=F,CL=F_14_50_80,MACD,138.541770833333,685.210823305299,-348.3925,916.7225,539.888020833333,2440.71714527726,-1871.7,2095.3,6429,384
CL=F,CL=F_14_72_80,MACD,50.2188541666667,216.510972989798,-121.9775,431.82,415.736979166667,4119.4830103638,-1076.15,2642.95,6106,384
CL=F,CL=F_14_86_80,MACD,49.3609375,351.748224774118,-81.42,129.3275,22.9739583333333,538.511602527145,-666.85,880.899999999998,6158,384
CL=F,CL=F_14_86_35,MACD,33.6746875,207.187089853607,-260.2525,331.585,245.505208333333,2302.04833071421,-1328.55,1667.65,6488,384
CL=F,CL=F_12_72_53,MACD,33.3245833333333,392.018211214779,-400.4525,331.0625,139.794270833333,2201.75780875795,-1625.35,1862.4,6534,384
CL=F,CL=F_14_60_80,MACD,32.8180208333333,247.27009568537,-150.6125,158.3175,171.2109375,1085.01177805697,-1076.1,1842.49999999999,6186,384
CL=F,CL=F_30_104_16,MACD,26.8009375,214.832493019577,-272.9225,318.73,233.703125,2025.52714871289,-1553.5,2137.9,6519,384
CL=F,CL=F_30_50_35,MACD,25.6860416666667,98.176071738797,-70.775,87.645,182.5859375,1714.60115646605,-1341.75,1931.74999999999,6970,384
CL=F,CL=F_30_86_16,MACD,19.2278125,168.603854942526,-232.48,224.82,188.872395833333,3670.86618599429,-1779.55,2056.09999999999,6574,384
CL=F,CL=F_17_50_120,MACD,18.1852083333333,92.1488578445843,-79.8225,194.6875,136.364583333333,1032.18505455,-793.2,1210.3,6132,384
CL=F,CL=F_21_104_24,MACD,12.9360416666667,229.087848649603,-274.0575,98.1325,168.703125,1889.81786747018,-1735.4,1888.35,6495,384
CL=F,CL=F_12_72_80,MACD,11.5945833333333,96.3503328038026,-134.675,143.13,134.791666666667,2754.07340439525,-1492.6,2198.95,5979,384
CL=F,CL=F_17_104_35,MACD,10.588125,371.291900996939,-423.06,338.5275,126.1015625,1375.66285664081,-1888.25,1718.95,6218,384
CL=F,CL=F_17_104_53,MACD,8.8596875,69.082857869954,-56.3975,148.34,96.3307291666667,693.9933465144,-928.95,1218.6,6073,384
CL=F,CL=F_30_60_24,MACD,8.5365625,117.080585534545,-145.8675,74.4325,84.5130208333333,1228.86347536383,-1212.55,1502.65,6727,384
CL=F,CL=F_21_50_80,MACD,8.3803125,96.4821117039251,-75.795,45.035,34.4401041666667,860.080849048045,-1149.75,1402.8,6420,384
CL=F,CL=F_17_104_24,MACD,8.3275,243.839859428921,-421.065,281.1375,465.4453125,3279.26210290672,-1697.45,2428.75,6634,384
CL=F,CL=F_12_50_80,MACD,7.85666666666667,369.493524041724,-605.515,395.5575,243.276041666667,2534.94829706086,-2637.05,1842.7,6391,384
CL=F,CL=F_10_60_80,MACD,6.110625,339.628508926142,-554.68,242.0425,189.627604166667,2250.87071736376,-1894.45,2232.7,6245,384
CL=F,CL=F_12_86_80,MACD,4.79916666666667,110.377057271563,-104.3,60.305,67.2291666666667,733.512778998344,-803.9,1179.1,6186,384
CL=F,CL=F_30_149_7,MACD,4.13239583333333,117.553906691399,-147.8325,125.865,69.3307291666667,745.714252733239,-1340.25,1270.95,7280,384
CL=F,CL=F_10_86_35,MACD,3.4334375,373.917638890334,-494.7275,382.29,310.229166666667,2678.61277268436,-1881.8,2504.19999999999,6654,384
CL=F,CL=F_17_86_53,MACD,2.68020833333333,283.491075236776,-213.4275,119.65,160.825520833333,1808.95893152739,-2143.7,3084.45,6157,384
CL=F,CL=F_12_72_120,MACD,2.05385416666667,70.8395179241494,-98.295,76.47,-23.3932291666667,482.063205129718,-744.4,717.75,5923,384
CL=F,CL=F_14_72_120,MACD,1.27697916666667,72.4103206240918,-90.9425,103.3625,3.41927083333333,365.840359173932,-665.2,634.6,5852,384
CL=F,CL=F_25_124_35,MACD,0.66875,39.8468194134541,-43.23,68.905,-24.46875,411.267688121044,-661.4,659.85,6174,384
CL=F,CL=F_17_60_80,MACD,0.616770833333334,73.2913822678074,-124.4925,89.97,216.723958333333,2142.11666674378,-1039.65,1799.2,6348,384
CL=F,CL=F_17_50_24,MACD,0.514374999999999,174.156519498455,-272.3275,120.6125,364.421875,3787.58337831215,-3100.5,4476.09999999999,7757,384
CL=F,CL=F_21_104_16,MACD,0.0229166666666656,122.30897218814,-200.605,75.185,98.7734375,825.462894569385,-1180.8,1222.35,6998,384
CL=F,CL=F_14_104_53,MACD,-0.740520833333333,72.2940400742149,-102.2975,77.01,-1.94791666666667,793.605108209573,-1217.2,1186.1,6006,384
CL=F,CL=F_12_86_120,MACD,-2.67677083333333,53.8303605098518,-74.72,86.7,2.9375,522.025905192363,-754.5,751.15,5691,384
CL=F,CL=F_17_124_35,MACD,-2.90145833333333,150.499554641615,-320.7225,143.085,104.252604166667,1092.10512517424,-1140.85,1375.2,6240,384
CL=F,CL=F_30_60_16,MACD,-3.2278125,67.714695601676,-90.4175,52.635,49.1510416666667,779.420627765174,-1457.45,1249.85,7534,384
CL=F,CL=F_25_86_53,MACD,-3.31,32.0332456577291,-51.455,41.63,-15.1614583333333,523.981837500351,-686.4,734.05,6029,384
CL=F,CL=F_30_60_80,MACD,-4.4940625,37.4503736634616,-38.715,23.5275,-0.872395833333333,719.158640896771,-792.25,789,6211,384
CL=F,CL=F_12_104_53,MACD,-5.54927083333333,70.2280364803386,-140.645,58.6975,29.3671875,1411.94195032502,-1000,1328.8,6054,384
CL=F,CL=F_25_86_16,MACD,-5.91208333333333,104.797459741377,-223.095,78.9425,74.625,1546.58995394374,-1814.8,1606.25,7086,384
CL=F,CL=F_10_86_80,MACD,-5.9125,95.7436216921882,-145.485,51.7075,15.9583333333333,1298.24654726137,-1179.6,1365,6293,384
CL=F,CL=F_25_104_35,MACD,-6.0409375,63.1354892788538,-107.7825,44.405,23.6484375,909.43231301498,-1025.85,1436.9,6228,384
CL=F,CL=F_30_86_53,MACD,-6.99354166666667,28.3387434620657,-42.305,31.9925,-2.0078125,557.695428114063,-742.25,714.1,5832,384
CL=F,CL=F_21_86_120,MACD,-7.51635416666667,28.2199858674213,-54.005,20.795,-40.3151041666667,293.549151089681,-562.55,455.249999999999,5680,384
CL=F,CL=F_17_86_80,MACD,-7.55354166666667,41.6448154093935,-76.2275,21.005,0.276041666666667,541.02146099039,-710.65,800.149999999997,6006,384
CL=F,CL=F_25_60_80,MACD,-7.73125,21.4313563315654,-48.7325,21.175,-44.0677083333333,542.845414670399,-875.2,652.85,6234,384
CL=F,CL=F_14_72_7,MACD,-7.80145833333333,60.7125981026771,-41.5075,38.52,-9.46354166666667,1240.40119582523,-1594.6,1801.7,10118,384
CL=F,CL=F_14_104_120,MACD,-8.61020833333333,25.1097167176444,-41.4025,34.78,-65.125,348.356177079811,-746.45,417.299999999999,5832,384
CL=F,CL=F_14_104_24,MACD,-8.75520833333333,160.187059008025,-301.5175,107.5425,108.677083333333,1136.41506313216,-1688.4,1422.85,6717,384
CL=F,CL=F_17_72_80,MACD,-8.774375,95.2115275065555,-107.43,56.995,35.1588541666667,839.077535433825,-836.95,1155.95,6143,384
CL=F,CL=F_14_50_35,MACD,-8.8525,59.0444952289551,-122.6725,73.0775,108.846354166667,887.667254029917,-1458.9,1547,7094,384
CL=F,CL=F_21_149_53,MACD,-9.93791666666667,21.541294244295,-55.205,15.8375,-47.3125,326.579010148313,-691.85,366.85,5912,384
CL=F,CL=F_25_86_80,MACD,-10.7425,17.1691222839142,-39.2625,22.76,-49.7734375,397.903905140439,-799.85,622.95,6191,384
CL=F,CL=F_25_124_24,MACD,-10.9203125,130.955031297032,-202.115,59.03,41.3072916666667,1041.94353913523,-893.95,1072.9,6294,384
CL=F,CL=F_14_86_120,MACD,-11.5501041666667,23.9036938565786,-54.465,19.26,-52.3671875,321.324198902641,-654.85,418.7,5716,384
CL=F,CL=F_17_104_120,MACD,-11.5878125,14.2869059818036,-39.1925,11.4125,-76.6015625,361.200782562722,-907.85,416.5,5821,384
CL=F,CL=F_10_104_7,MACD,-12.0128125,53.8461542526117,-64.4725,22.465,-94.9088541666667,2630.81087967591,-2263.3,1713.04999999999,9490,384
CL=F,CL=F_21_104_120,MACD,-12.2797916666667,14.2013540480563,-41.9925,4.0025,-82.4348958333333,271.694212484623,-656.15,309.2,5841,384
CL=F,CL=F_30_149_16,MACD,-12.9367708333333,178.596873871944,-340.7725,136.9425,152.479166666667,1133.93541454927,-1212.5,1472.5,6401,384
CL=F,CL=F_14_72_10,MACD,-13.2102083333333,83.6607650855106,-96.0975,41.145,29.625,925.010473442929,-1356.45,1739.3,8841,384
CL=F,CL=F_14_60_7,MACD,-13.9113541666667,118.269829294308,-34.64,25.19,14.3411458333333,1227.32050402822,-1623.3,1720.7,10393,384
CL=F,CL=F_30_124_10,MACD,-14.2570833333333,157.502476110305,-231.53,99.49,104.450520833333,1210.367325575,-1602.1,1534.35,6843,384
CL=F,CL=F_14_124_24,MACD,-15.9920833333333,105.035430512673,-221.175,71.335,35.1927083333333,1022.29752984586,-1338.9,1430.65,6649,384
CL=F,CL=F_21_104_35,MACD,-16.21125,107.162172550716,-247.9525,81.3175,69.5807291666667,1678.67851754508,-1294.45,1884.5,6276,384
CL=F,CL=F_10_104_53,MACD,-16.59125,101.324561362303,-232.4125,59.5975,34.2786458333333,1085.31805349637,-1462.35,1285.75,6131,384
CL=F,CL=F_12_104_35,MACD,-17.666875,252.317576146088,-558.805,154.775,121.768229166667,1733.70510920169,-1684.6,1946.9,6554,384
CL=F,CL=F_10_50_80,MACD,-17.8016666666667,235.361774912207,-532.6725,204.1475,124.505208333333,1649.69157176641,-2009.6,1778.45,6388,384
CL=F,CL=F_30_124_7,MACD,-17.9669791666667,102.978832716343,-193.725,41.985,18.8697916666667,734.343989743951,-1433.7,1139.7,7413,384
CL=F,CL=F_17_124_24,MACD,-21.0573958333333,217.48539541648,-412.61,223.1825,112.122395833333,1300.01639801608,-1605.45,1694.05,6412,384
CL=F,CL=F_12_72_10,MACD,-21.4370833333333,62.9358661348229,-78.015,11.72,-66.1796875,1297.74201836042,-1357.9,1108.3,8857,384
CL=F,CL=F_12_60_7,MACD,-21.6001041666667,68.5654919880838,-150.5125,9.2875,-93.5963541666667,1034.36945694431,-1204.35,692.799999999996,10231,384
CL=F,CL=F_10_86_24,MACD,-22.2747916666667,124.352572123138,-221.8425,64.0725,93.4010416666667,1429.76710499154,-2127.5,1790.6,7906,384
CL=F,CL=F_12_104_24,MACD,-23.8210416666667,189.549191379409,-344.1225,83.8125,123.466145833333,1300.23984889221,-1979.9,1921.9,6975,384
CL=F,CL=F_14_104_16,MACD,-26.0190625,98.9439678976054,-239.445,40.665,30.9609375,1056.59111503501,-1713.8,1330.9,7818,384
CL=F,CL=F_21_149_16,MACD,-26.7965625,185.591305103888,-353.8275,116.3675,143.059895833333,1642.167309259,-1560.65,2002.75,6664,384
CL=F,CL=F_14_104_35,MACD,-27.6647916666667,384.731992701903,-578.4825,125.7775,149.869791666667,2222.11898817839,-2227.55,2397.95,6234,384
CL=F,CL=F_14_124_35,MACD,-28.2082291666667,256.295038492318,-410.8325,77.25,38.859375,1050.81715859592,-1446.85,1372.2,6284,384
CL=F,CL=F_17_104_16,MACD,-28.8055208333333,156.916850746333,-324.56,55.195,54.9036458333333,918.182083222124,-1454.55,1325.3,7346,384
CL=F,CL=F_12_60_16,MACD,-29.3320833333333,164.68899122072,-132.655,44.9725,11.4427083333333,1984.24869652458,-2434.5,2254.5,8796,384
CL=F,CL=F_12_104_16,MACD,-31.6061458333333,175.049491698595,-327.83,82.3975,312.309895833333,14274.4436202861,-2638.4,2843.25,8094,384
CL=F,CL=F_25_149_16,MACD,-32.0398958333333,216.337192079474,-465.3575,118.0975,89.9817708333333,1447.57626807231,-1430.75,1865.4,6570,384
CL=F,CL=F_17_72_10,MACD,-32.1470833333333,166.073143130665,-79.505,13.9025,-50.8359375,1544.13554501161,-2029.1,1507.85,8278,384
CL=F,CL=F_17_124_16,MACD,-32.2597916666667,214.10176138305,-442.56,70.2325,80.0703125,1028.84615477089,-1871.35,1554,6815,384
CL=F,CL=F_10_104_16,MACD,-32.4664583333333,136.879476243878,-207.98,60.115,64.5989583333333,1141.80194292432,-2045.65,1716.45,7785,384
CL=F,CL=F_14_50_24,MACD,-32.8790625,117.352933415476,-173.1625,48.765,92.5833333333333,1423.37476311582,-2280,1810.3,7035,384
CL=F,CL=F_21_124_7,MACD,-41.2235416666667,246.588617631105,-548.5075,92.145,136.872395833333,2721.01665397223,-3468.8,2976.95,8095,384
CL=F,CL=F_25_124_10,MACD,-43.7895833333333,190.261616777457,-407.5225,55.81,84.8203125,1261.99778895418,-2028.8,1807.5,7070,384
CL=F,CL=F_21_124_10,MACD,-45.5115625,187.279457059444,-345.72,68.615,113.848958333333,891.667422163813,-1486.95,1391.7,7263,384
CL=F,CL=F_17_149_7,MACD,-50.704375,226.922571379999,-548.9825,82.1325,67.1067708333333,1698.20101605201,-2486,2352.9,8354,384
CL=F,CL=F_10_124_16,MACD,-50.9814583333333,216.079368239783,-492.93,89.91,80.2447916666667,2404.85265340064,-3278.8,2598.7,7561,384
CL=F,CL=F_10_86_16,MACD,-51.0976041666667,231.670496909749,-157.295,43.4875,-34.1979166666667,1271.50213683042,-1678.75,1479.19999999999,7179,384
CL=F,CL=F_17_149_16,MACD,-71.9336458333333,346.726348301608,-703.465,77.29,80.328125,1804.04906831215,-2025.25,1929.05,6968,384
EURUSD=X,EURUSD=X_14_60_16,MACD,-0.377708333333333,5.13590323715347,-8.7425,7.53,-4.73958333333333,137.753762590791,-225,236.8,8660,384
EURUSD=X,EURUSD=X_14_149_16,MACD,-0.60625,3.86607219416895,-7.38,5.56,15.5494791666667,175.857370552945,-317.25,360.65,7391,384
EURUSD=X,EURUSD=X_12_50_35,MACD,-0.6646875,4.83689068310037,-8.82,9.43,3.24739583333333,265.795439008837,-400.9,422.8,7548,384
EURUSD=X,EURUSD=X_14_149_24,MACD,-0.732291666666667,3.82598937439487,-8.57,3.82,11.5911458333333,150.322549723392,-286.85,270.65,6557,384
EURUSD=X,EURUSD=X_12_149_24,MACD,-0.7903125,3.60807441081075,-7.7,3.5575,6.55208333333333,175.257147575576,-340.7,316.05,7252,384
EURUSD=X,EURUSD=X_17_60_16,MACD,-0.988541666666667,4.48531286925313,-9.25,5.35,-13.8307291666667,161.108869645088,-296.75,275.85,8112,384
EURUSD=X,EURUSD=X_17_86_10,MACD,-1.4825,3.86503761811883,-8.81,3.31,-13.6015625,210.678203867936,-350,373.849999999999,8624,384
EURUSD=X,EURUSD=X_14_50_35,MACD,-1.556875,3.69143484084584,-8,1.0925,-11.4166666666667,222.989370499945,-408.6,398.5,7288,384
EURUSD=X,EURUSD=X_17_50_7,MACD,-1.61260416666667,2.67988815351516,-6.89,1.06,-31.7057291666667,154.597242648289,-338.25,215.1,10385,384
EURUSD=X,EURUSD=X_14_72_24,MACD,-1.660625,3.31085958388611,-8.74,1.64,-5.29166666666667,215.469208896755,-396.9,416.2,7145,384
EURUSD=X,EURUSD=X_14_50_16,MACD,-1.67635416666667,3.11449687405667,-7.91,1.79,-22.8046875,126.772718148436,-285,164.5,8917,384
EURUSD=X,EURUSD=X_21_50_10,MACD,-1.7,3.01738366975867,-7.72,1.4425,-29.0078125,140.876619319603,-295.55,195.95,9025,384
EURUSD=X,EURUSD=X_12_50_24,MACD,-1.710625,3.67698755777063,-8.82,2.6175,-22.1666666666667,152.147579631802,-278.9,194,8386,384
EURUSD=X,EURUSD=X_17_72_10,MACD,-1.72041666666667,3.96247023343737,-8.88,2.6125,-22.09375,157.305083707785,-349.7,253.5,8257,384
EURUSD=X,EURUSD=X_14_50_24,MACD,-1.72135416666667,3.4710491724342,-8.71,1.3475,-17.1380208333333,192.646239490436,-406.75,281.2,8032,384
EURUSD=X,EURUSD=X_21_50_7,MACD,-1.80927083333333,2.73975767072532,-7.38,0.95,-37.015625,145.935300824586,-284,221,9822,384
EURUSD=X,EURUSD=X_12_50_7,MACD,-1.85427083333333,2.02657956317466,-5.64,0.42,-35.1380208333333,144.30108577145,-308,191.4,10691,384
EURUSD=X,EURUSD=X_12_72_35,MACD,-1.8559375,4.39491634029112,-10.78,3.87,-8.25,188.678944573385,-329.7,304.7,6495,384
EURUSD=X,EURUSD=X_12_60_7,MACD,-1.94260416666667,2.02226618311015,-5.58,0.1475,-34.7447916666667,148.930363715765,-340.1,199.55,10940,384
EURUSD=X,EURUSD=X_17_72_16,MACD,-1.9671875,3.62667622315966,-8.78,2.1925,-9.21354166666667,195.760207191193,-397.75,346,8228,384
EURUSD=X,EURUSD=X_17_60_7,MACD,-2.08791666666667,2.83837162978563,-7.5,1.085,-35.7864583333333,126.030876998998,-324.85,172.95,9879,384
EURUSD=X,EURUSD=X_17_149_16,MACD,-2.11854166666667,4.13488241522287,-9.0125,2.385,-6.34114583333333,170.070453147131,-383.85,268.85,6933,384
EURUSD=X,EURUSD=X_25_50_10,MACD,-2.11958333333333,3.36040314519636,-8.3925,1.4175,-30.3463541666667,166.410365517555,-335.35,280.85,8939,384
EURUSD=X,EURUSD=X_25_50_16,MACD,-2.17229166666667,3.41655704787781,-8.62,0.66,-27.6328125,195.802941025569,-353.05,316.4,8065,384
EURUSD=X,EURUSD=X_14_72_16,MACD,-2.18375,4.03539713039498,-10.18,1.62,-24.6380208333333,198.540790903203,-334.25,232.599999999999,8392,384
EURUSD=X,EURUSD=X_17_60_10,MACD,-2.19458333333333,2.79260938782753,-7.92,0.83,-33.0182291666667,123.067801393934,-284,161.85,8968,384
EURUSD=X,EURUSD=X_12_60_16,MACD,-2.241875,3.13766098349844,-8.51,0.805,-34.71875,142.867606782941,-314.7,205.599999999999,8856,384
EURUSD=X,EURUSD=X_25_50_7,MACD,-2.26041666666667,3.11606361554772,-8.65,0.715,-26.8619791666667,151.440564605667,-299,252,9251,384
EURUSD=X,EURUSD=X_14_50_10,MACD,-2.29625,2.16206930606087,-6.22,-0.21,-27.859375,133.480192898475,-295.95,184.85,9544,384
EURUSD=X,EURUSD=X_17_50_10,MACD,-2.29885416666667,2.45262646319868,-7.17,0.2075,-22.578125,149.386208571467,-328.3,208.25,9306,384
EURUSD=X,EURUSD=X_12_72_24,MACD,-2.30875,3.50879443984008,-9.09,1.52,-29.1197916666667,206.194352344723,-396,338.9,8071,384
EURUSD=X,EURUSD=X_14_50_7,MACD,-2.30989583333333,2.09324804011759,-5.25,-0.38,-41.578125,123.74535522839,-300,164.7,10706,384
EURUSD=X,EURUSD=X_10_60_7,MACD,-2.4075,1.93294267075386,-5.74,-0.43,-43.6666666666667,145.359564388089,-358,144.85,11318,384
EURUSD=X,EURUSD=X_21_50_16,MACD,-2.41,3.10510920224953,-8.59,0.36,-26.7369791666667,184.761453959368,-355,268,8147,384
EURUSD=X,EURUSD=X_10_60_35,MACD,-2.42854166666667,3.46848790933354,-9.3,2.1575,-20.8515625,210.908172630051,-426.4,358.25,7932,384
EURUSD=X,EURUSD=X_17_50_16,MACD,-2.47322916666667,3.02237637239367,-8.13,1.32,-32.7421875,149.591728773337,-345,200,9031,384
EURUSD=X,EURUSD=X_14_124_16,MACD,-2.48614583333333,3.05395356177139,-8.74,0.7,-14.1458333333333,171.854330152001,-288.5,255.85,7751,384
EURUSD=X,EURUSD=X_10_60_10,MACD,-2.49989583333333,2.23452785300994,-6.5,-0.06,-43.2109375,144.331934607077,-344,164.1,10492,384
EURUSD=X,EURUSD=X_30_50_7,MACD,-2.54322916666667,2.73948266141492,-8.08,0.49,-32.6953125,146.85951219658,-353.1,193.2,9548,384
EURUSD=X,EURUSD=X_17_60_24,MACD,-2.5509375,3.18009535710223,-8.57,0.76,-20.2630208333333,186.503378719742,-349.1,330.7,7200,384
EURUSD=X,EURUSD=X_14_72_10,MACD,-2.56927083333333,2.89334053694329,-8.5,0.37,-34.4583333333333,138.300627379298,-303.55,198.4,9310,384
EURUSD=X,EURUSD=X_25_60_7,MACD,-2.57458333333333,3.05582994727564,-8.72,0.2975,-38.5598958333333,166.17745573563,-348,247.549999999999,9013,384
EURUSD=X,EURUSD=X_17_104_10,MACD,-2.59677083333333,3.15550663036829,-8.89,1.12,-24.90625,175.736871791464,-421.85,254.4,8529,384
EURUSD=X,EURUSD=X_14_60_7,MACD,-2.74697916666667,2.26865882930244,-6.61,-0.25,-48.8723958333333,127.705159236229,-357,108.85,10456,384
EURUSD=X,EURUSD=X_12_60_10,MACD,-2.78552083333333,2.42871630368224,-6.81,-0.47,-40.4765625,135.897152298251,-326,179.1,10224,384
EURUSD=X,EURUSD=X_12_72_7,MACD,-2.8228125,2.42870409591747,-6.67,-0.1525,-49.7213541666667,169.073169885659,-382,154.5,10655,384
EURUSD=X,EURUSD=X_14_72_35,MACD,-2.87520833333333,4.45609835929587,-12.68,1.2325,-17.0390625,210.102364794091,-446.15,335.8,6247,384
EURUSD=X,EURUSD=X_14_60_10,MACD,-2.8878125,2.55418550335059,-7.66,-0.29,-41.5911458333333,108.049002637726,-307,107.7,9556,384
EURUSD=X,EURUSD=X_10_50_35,MACD,-2.88989583333333,3.2131363575474,-9.07,0.32,-32.3619791666667,184.583170841636,-332.55,270.7,8085,384
EURUSD=X,EURUSD=X_12_60_35,MACD,-2.90125,3.01624557495259,-8.63,0.08,-24.4322916666667,187.411780740352,-368.7,322.7,7299,384
EURUSD=X,EURUSD=X_12_72_10,MACD,-2.91822916666667,2.63138226425087,-7.76,-0.3675,-44.1015625,141.998225994347,-302,126.1,9744,384
EURUSD=X,EURUSD=X_12_72_16,MACD,-2.97572916666667,3.17268299038151,-9.32,0.12,-44.703125,174.630427786073,-350.7,170,8936,384
EURUSD=X,EURUSD=X_14_72_7,MACD,-3.02739583333333,2.51388240096413,-7.55,-0.34,-50.4427083333333,153.863039191351,-361.25,131.5,10370,384
EURUSD=X,EURUSD=X_21_60_7,MACD,-3.0628125,2.81770593629304,-8.48,0.01,-49.3619791666667,130.153280641976,-336.85,107.8,9423,384
EURUSD=X,EURUSD=X_14_86_24,MACD,-3.07760416666667,3.49832854669398,-9.55,0.5375,-15.7864583333333,181.589403493302,-415.95,280.55,6845,384
EURUSD=X,EURUSD=X_12_86_24,MACD,-3.11572916666667,3.0789064172003,-8.42,-0.075,-32.3307291666667,179.872953404809,-353,254.25,7716,384
EURUSD=X,EURUSD=X_12_50_16,MACD,-3.11916666666667,2.67088578512691,-7.57,-0.6075,-39.5598958333333,127.749802617924,-275,156.7,9034,384
EURUSD=X,EURUSD=X_25_72_7,MACD,-3.1671875,2.91116388485322,-7.81,-0.4825,-38.8958333333333,176.169111085369,-318,267.05,8773,384
EURUSD=X,EURUSD=X_12_50_53,MACD,-3.18572916666667,3.83180093560296,-11.48,0.7025,-12.28125,183.809908796565,-346.25,295.55,6922,384
EURUSD=X,EURUSD=X_14_104_16,MACD,-3.20145833333333,3.22004118285749,-9.45,0.5025,-29.8203125,178.749723668741,-355.55,260,7992,384
EURUSD=X,EURUSD=X_14_86_16,MACD,-3.20479166666667,3.34293850539869,-9.74,0.5,-30.1119791666667,211.226211044236,-325.7,366.2,8110,384
EURUSD=X,EURUSD=X_10_60_16,MACD,-3.23541666666667,2.53408757239394,-7.66,-0.8,-46.9166666666667,127.975492649515,-300,128.85,9743,384
EURUSD=X,EURUSD=X_17_124_16,MACD,-3.33895833333333,3.77150297533788,-10.42,0.325,-26.5078125,163.291982287176,-319.65,212.599999999999,7191,384
EURUSD=X,EURUSD=X_12_60_53,MACD,-3.54010416666667,4.51610952615113,-12.94,1.0525,-20.5703125,160.408780203833,-294.75,241.7,6297,384
EURUSD=X,EURUSD=X_10_50_16,MACD,-3.60010416666667,2.74179368673393,-8.62,-1.15,-47.2838541666667,143.313292807364,-302,143.85,9541,384
EURUSD=X,EURUSD=X_17_124_10,MACD,-3.7796875,3.28359894118922,-9.66,-0.45,-41.2317708333333,167.170715048127,-378,244.85,8457,384
EURUSD=X,EURUSD=X_10_72_35,MACD,-3.88447916666667,3.55259278771869,-10.39,0.0225,-37.4140625,183.748019396175,-414.15,275.95,7126,384
EURUSD=X,EURUSD=X_30_60_16,MACD,-3.8953125,3.85393031186141,-11.47,-0.155,-30.0572916666667,173.090090636983,-377.7,211.85,6762,384
EURUSD=X,EURUSD=X_14_124_24,MACD,-4.12354166666667,3.87158935925114,-11,-0.12,-29.7265625,156.076571964181,-351.25,211.05,6767,384
EURUSD=X,EURUSD=X_21_60_24,MACD,-4.32770833333333,4.65798611987868,-14.11,0.4125,-36,178.960138216576,-355,285.65,6724,384
EURUSD=X,EURUSD=X_12_124_24,MACD,-4.40697916666667,3.54233289760521,-10.07,-1.17,-40.6953125,166.789664070149,-378.25,189.4,7278,384
EURUSD=X,EURUSD=X_14_60_53,MACD,-4.45635416666667,5.1912765126836,-14.04,0.6975,-34.03125,157.957835741259,-365.25,219.55,6169,384
EURUSD=X,EURUSD=X_25_60_16,MACD,-4.53604166666667,3.84911732305819,-12.85,-1.01,-45.9791666666667,159.926842228252,-351.7,164.4,7471,384
EURUSD=X,EURUSD=X_12_50_120,MACD,-5.80520833333333,4.89824629824242,-16.2,-0.9325,-46.921875,159.39403574948,-432.1,139.85,5901,384
EURUSD=X,EURUSD=X_17_60_53,MACD,-6.60979166666667,5.23655933226683,-16.06,-1.5975,-59.0703125,144.778277419075,-349,117.8,6175,384
EURUSD=X,EURUSD=X_14_60_80,MACD,-6.7853125,5.52804009299289,-17.57,-1.255,-55.9739583333333,138.084676594252,-434,82.85,5894,384
USDPLN=X,USDPLN=X_10_104_7,MACD,-0.601145833333333,4.18547560519311,-7.3025,2.8775,2.22395833333333,303.563779111521,-615,474.599999999999,11078,384
USDPLN=X,USDPLN=X_10_149_10,MACD,-1.12822916666667,4.55975899519901,-8.03,4.2925,-6.07291666666667,238.121828300435,-445.95,308.7,9950,384
USDPLN=X,USDPLN=X_21_60_35,MACD,-1.50114583333333,5.71768371758164,-12.41,7.935,55.6484375,351.391948781657,-505.45,820.849999999997,6792,384
USDPLN=X,USDPLN=X_17_60_53,MACD,-2.45354166666667,8.33276992920016,-16.21,14.81,44.9348958333333,395.939182806465,-450.2,808.8,6448,384
USDPLN=X,USDPLN=X_25_149_7,MACD,-3.57916666666667,5.51692528147731,-12.2,3.93,-0.7265625,285.001444222728,-485.7,448.4,8290,384
USDPLN=X,USDPLN=X_17_72_35,MACD,-3.7953125,5.52022805652562,-13.61,2.2725,-3.38802083333333,435.662890925718,-512.4,621.4,7096,384
USDPLN=X,USDPLN=X_25_60_53,MACD,-3.798125,9.04333663533543,-17.46,15.5725,15.7447916666667,295.058063894902,-439,550.099999999999,6236,384
USDPLN=X,USDPLN=X_17_149_7,MACD,-3.9734375,3.71469509356527,-11.44,0.5375,-42.4401041666667,202.31368389293,-437.85,226.55,9425,384
USDPLN=X,USDPLN=X_14_60_80,MACD,-4.60041666666667,6.5500000669613,-15.26,4.77,2.4296875,332.200441637944,-444.45,398.85,6664,384
USDPLN=X,USDPLN=X_14_104_53,MACD,-4.76135416666667,8.54489525910266,-18.21,13.455,-11.6302083333333,316.280180716903,-448.1,466.25,6180,384
USDPLN=X,USDPLN=X_14_72_80,MACD,-4.78104166666667,8.75866914658262,-17.87,8.105,4.546875,313.312918249738,-420.15,508.65,6057,384
USDPLN=X,USDPLN=X_14_72_53,MACD,-4.79614583333333,6.07997478696152,-16.92,3.525,-2.015625,234.071589249108,-378.6,395.7,6744,384
USDPLN=X,USDPLN=X_12_60_80,MACD,-4.88927083333333,7.10801123193018,-16.22,5.5675,-6.45052083333333,318.138117450872,-440,385.35,6772,384
USDPLN=X,USDPLN=X_21_124_120,MACD,-5.00916666666667,9.29213200471143,-19.56,2.11,-10.6614583333333,147.409307335906,-258.85,195.7,4389,384
USDPLN=X,USDPLN=X_21_149_7,MACD,-5.0159375,3.90933473358454,-12.92,-0.2325,-44.03125,224.267811422435,-487.05,304.7,9105,384
USDPLN=X,USDPLN=X_25_86_24,MACD,-5.1325,5.60448166531412,-14.76,2.5525,3.76822916666667,342.97953555252,-500.85,583.25,6878,384
USDPLN=X,USDPLN=X_10_72_53,MACD,-5.22708333333333,6.48450021069135,-16.3,0.8975,17.2604166666667,339.231992209947,-365.2,389.9,7055,384
USDPLN=X,USDPLN=X_25_149_10,MACD,-5.24552083333333,5.5111062734678,-14.43,3.78,-9.40104166666667,272.469061839113,-406.55,351.25,7157,384
USDPLN=X,USDPLN=X_12_72_53,MACD,-5.2853125,6.59677671739847,-16,1.3575,-1.71875,253.416537699564,-362.85,333.55,7006,384
USDPLN=X,USDPLN=X_30_60_53,MACD,-5.3446875,9.26166245769425,-17.61,16.58,-12.1640625,280.969901029912,-488.85,531.599999999999,6333,384
USDPLN=X,USDPLN=X_12_50_120,MACD,-5.35395833333333,7.39669847818559,-18.45,6.895,-4.01822916666667,271.260960709814,-348,395.799999999998,6568,384
USDPLN=X,USDPLN=X_10_86_35,MACD,-5.39072916666667,6.64666204232053,-14.49,1.16,-23.015625,244.090253747549,-417.05,326.25,7413,384
USDPLN=X,USDPLN=X_12_60_120,MACD,-5.4028125,9.39315055078629,-18.69,14.265,-2.00520833333333,243.788805518301,-342.25,341.95,6204,384
USDPLN=X,USDPLN=X_30_86_24,MACD,-5.40572916666667,8.02288486568157,-16.17,1.98,-2.3984375,320.851242298103,-433.85,507.7,6530,384
USDPLN=X,USDPLN=X_21_104_16,MACD,-5.42895833333333,5.61490450388244,-14.62,0.935,-23.21875,329.967929547746,-586.65,564.9,7489,384
USDPLN=X,USDPLN=X_21_124_10,MACD,-5.44010416666667,4.97049007322039,-15.25,0.4225,-44.7526041666667,223.778689963932,-489.2,265.55,8019,384
USDPLN=X,USDPLN=X_25_104_120,MACD,-5.703125,11.5344749441334,-22.97,9.9175,-10.5677083333333,152.028926060883,-281.4,224.95,4318,384
USDPLN=X,USDPLN=X_10_124_35,MACD,-5.71125,6.95811623781519,-16.98,4.6625,-1.73958333333333,261.061250269961,-324,337.25,6720,384
USDPLN=X,USDPLN=X_12_86_35,MACD,-5.73177083333333,5.05887193474919,-14.42,0.85,-20.2864583333333,216.771109864805,-376.85,312.55,7231,384
USDPLN=X,USDPLN=X_21_104_24,MACD,-5.801875,6.38879830764671,-16.48,5.335,-17.8932291666667,303.038135035228,-422,432.95,6810,384
USDPLN=X,USDPLN=X_21_149_10,MACD,-5.80260416666667,4.46194275477956,-14.33,-0.065,-46.953125,205.568149564896,-396,273,8197,384
USDPLN=X,USDPLN=X_10_60_120,MACD,-5.91427083333333,7.31810454964681,-18.15,7.4875,-16.6015625,263.483383868083,-347.65,310.249999999999,6470,384
USDPLN=X,USDPLN=X_12_50_80,MACD,-5.91614583333333,6.41157347791627,-16.92,4.7075,-28.7239583333333,223.257001267822,-426,343.1,7046,384
USDPLN=X,USDPLN=X_10_60_53,MACD,-5.96114583333333,4.82261446232155,-14.54,-0.1175,-28.2005208333333,266.631093166326,-436.55,395.55,7567,384
USDPLN=X,USDPLN=X_10_104_53,MACD,-5.98552083333333,6.3064346203393,-16.61,5.02,-16.9895833333333,272.368050590728,-411,395.2,6752,384
USDPLN=X,USDPLN=X_12_104_53,MACD,-5.9978125,6.64250035407958,-16.26,6.1825,-27.8046875,273.835509084215,-419.85,326.1,6753,384
USDPLN=X,USDPLN=X_14_60_53,MACD,-6.01302083333333,5.83502493924976,-16.17,1.0125,-16.4140625,268.671828337471,-454.25,496.8,7034,384
USDPLN=X,USDPLN=X_30_149_16,MACD,-6.02979166666667,6.94144092112031,-16.91,2.9125,-21.4921875,254.598080720239,-382,381.149999999999,6515,384
USDPLN=X,USDPLN=X_14_50_120,MACD,-6.03895833333333,7.61582320659002,-19.23,8.1725,-21.4114583333333,259.423014079127,-385,335.7,6285,384
USDPLN=X,USDPLN=X_21_60_53,MACD,-6.04010416666667,7.79870103823527,-18.48,9.6775,-2.23697916666667,327.365819421602,-448.9,530.399999999999,6373,384
USDPLN=X,USDPLN=X_17_104_24,MACD,-6.04666666666667,6.63995381510042,-15.51,0.35,-28.5651041666667,230.821590663521,-417.55,362.35,7337,384
USDPLN=X,USDPLN=X_12_72_80,MACD,-6.0740625,7.24572608371743,-17.96,5.575,-26.6588541666667,297.275321877073,-507.5,249.25,6683,384
USDPLN=X,USDPLN=X_21_149_24,MACD,-6.113125,8.78051506851512,-18.27,5.5375,-12.9739583333333,273.165458040132,-441.8,411,6206,384
USDPLN=X,USDPLN=X_14_124_35,MACD,-6.12385416666667,7.03511947600513,-16.95,5.5875,-16.0416666666667,254.232820936006,-318,368.649999999999,6680,384
USDPLN=X,USDPLN=X_25_72_35,MACD,-6.14541666666667,7.17802654548723,-16.71,5.7425,-32.1380208333333,266.677456898788,-422.9,434.2,6700,384
USDPLN=X,USDPLN=X_12_149_24,MACD,-6.1775,5.47063644907014,-15.54,1.8025,-36.0572916666667,199.453736625169,-293.55,233,7286,384
USDPLN=X,USDPLN=X_17_149_35,MACD,-6.18333333333333,8.47346293053128,-18.65,9.1275,-10.1953125,262.894027789567,-345.9,340.55,6341,384
USDPLN=X,USDPLN=X_21_86_35,MACD,-6.24854166666667,7.08080667113819,-16.65,-0.03,-35.6197916666667,302.988123273611,-440.1,357.65,6823,384
USDPLN=X,USDPLN=X_14_86_53,MACD,-6.25677083333333,6.36914940942363,-16.49,4.6425,-29.09375,242.297783174074,-384,309.4,6892,384
USDPLN=X,USDPLN=X_12_124_53,MACD,-6.27125,7.54457466276962,-16.95,1.985,-26.6145833333333,244.442718670557,-326,272.65,6657,384
USDPLN=X,USDPLN=X_10_86_80,MACD,-6.30458333333333,7.34911708505345,-17.51,8.4075,-28.03125,212.742392088753,-368.2,294.7,6688,384
USDPLN=X,USDPLN=X_10_60_80,MACD,-6.34927083333333,6.39566238613767,-16.15,0.635,-22.8802083333333,372.654876032457,-543.9,396.7,6952,384
USDPLN=X,USDPLN=X_14_124_24,MACD,-6.44125,5.16588307017656,-15.56,0.52,-33.0390625,216.62906664881,-410.25,270.7,7327,384
USDPLN=X,USDPLN=X_21_124_35,MACD,-6.52395833333333,8.24817638271339,-18.47,3.215,-26.6015625,287.228477932484,-507.55,363.25,6114,384
USDPLN=X,USDPLN=X_12_60_53,MACD,-6.58802083333333,5.26818207330158,-15.98,0.43,-31.3932291666667,260.543605358991,-431.25,402.65,7141,384
USDPLN=X,USDPLN=X_14_149_35,MACD,-6.61989583333333,6.49015343177513,-17.41,2.6725,-18.3776041666667,211.301068710287,-303.7,283.75,6579,384
USDPLN=X,USDPLN=X_17_86_53,MACD,-6.65270833333333,8.05127809130381,-18.2,1.36,-34.4557291666667,309.089200402102,-541.95,354,6341,384
USDPLN=X,USDPLN=X_12_124_35,MACD,-6.67583333333333,6.08373200327885,-16.98,2.2625,-28.5572916666667,233.889592236624,-327.4,314.649999999998,6740,384
USDPLN=X,USDPLN=X_12_86_80,MACD,-6.76385416666667,8.66065979859097,-18.51,4.625,-27.7421875,244.430245361374,-437,361.65,6260,384
USDPLN=X,USDPLN=X_10_72_80,MACD,-6.90552083333333,5.95464911154861,-16.79,0.545,-30.9557291666667,240.033408506955,-406.25,250.4,6744,384
USDPLN=X,USDPLN=X_21_72_53,MACD,-6.95291666666667,7.80233148915545,-18.88,3.745,-27.6770833333333,253.529837457622,-429,336.7,6229,384
USDPLN=X,USDPLN=X_12_124_24,MACD,-6.99614583333333,5.44745394314806,-16.57,0.62,-52.9921875,213.217604045956,-431,184.95,7393,384
USDPLN=X,USDPLN=X_25_104_24,MACD,-7.121875,7.85495074358907,-17.71,6.655,-47.2760416666667,234.176557098428,-402.55,300.7,6606,384
USDPLN=X,USDPLN=X_12_149_35,MACD,-7.33,6.37249451280968,-18.67,1.8375,-32.9583333333333,202.006122321029,-331.55,235.55,6560,384
USDPLN=X,USDPLN=X_21_124_24,MACD,-7.3496875,6.93479350478061,-18.68,3.875,-37.9739583333333,259.116765213249,-449.55,352.25,6452,384
USDPLN=X,USDPLN=X_30_149_80,MACD,-7.366875,13.1301635306688,-24.73,13.47,-35.1614583333333,163.419513246176,-291,182.8,4605,384
USDPLN=X,USDPLN=X_10_149_35,MACD,-7.44760416666667,5.33845074013281,-17.43,-1.0175,-31.9140625,173.605252565062,-328,223.7,6768,384
USDPLN=X,USDPLN=X_25_72_53,MACD,-7.69333333333333,8.47274126604864,-20.62,0.83,-41.2838541666667,216.792582103449,-419,241.8,6150,384
USDPLN=X,USDPLN=X_30_124_24,MACD,-7.74083333333333,8.76525313132144,-19.08,1.67,-39.4427083333333,297.935493130304,-521.2,372.499999999999,5934,384
USDPLN=X,USDPLN=X_25_124_120,MACD,-7.77760416666667,9.92259481606358,-23.7,9.305,-21.4244791666667,138.1885211903,-281,186.4,4246,384
USDPLN=X,USDPLN=X_17_149_120,MACD,-7.80697916666667,9.29859707808732,-23.42,4.95,-35.6375,176.309751204821,-348.35,184.45,4445,320
USDPLN=X,USDPLN=X_30_86_35,MACD,-7.88072916666667,8.29610704452988,-20.03,-0.04,-44.1067708333333,209.706724358668,-457.85,254,6210,384
USDPLN=X,USDPLN=X_25_124_24,MACD,-7.8953125,7.93613149205647,-18.76,2.405,-38.203125,253.104773794617,-469.25,307.4,6128,384
USDPLN=X,USDPLN=X_12_104_80,MACD,-7.91739583333333,8.38650322272785,-20.28,8.8725,-39.9010416666667,174.186705745422,-307,225.8,6067,384
USDPLN=X,USDPLN=X_17_104_53,MACD,-7.98770833333333,7.68555712861423,-20.79,0.91,-48.2786458333333,265.379491736255,-449.55,335,6104,384
USDPLN=X,USDPLN=X_21_149_120,MACD,-8.08270833333333,10.0064228299067,-26.4,6.545,-31.396875,151.146823892032,-304.25,141.25,4169,320
USDPLN=X,USDPLN=X_30_104_120,MACD,-8.08447916666667,13.3220187240437,-25.43,15.65,-26.7083333333333,167.389145994275,-238.6,229.25,4461,384
USDPLN=X,USDPLN=X_25_104_53,MACD,-9.023125,9.83342220373162,-23.74,-0.2175,-63.4869791666667,212.147972491146,-433,221.95,5857,384
USDPLN=X,USDPLN=X_14_149_120,MACD,-9.19125,9.01866663619056,-22.07,1.73,-53.59375,172.212935805127,-367.4,183,4746,320
USDPLN=X,USDPLN=X_14_104_120,MACD,-9.31625,8.08567143974939,-21.81,0.25,-41.2395833333333,170.194819702633,-360,199.399999999999,5294,384
USDPLN=X,USDPLN=X_12_104_120,MACD,-9.80885416666667,8.01397356855238,-22.07,0.32,-57.0859375,138.365072828201,-329.85,130.2,5502,384
USDPLN=X,USDPLN=X_25_149_120,MACD,-10.9220833333333,10.1407676359147,-32.52,2.1525,-56.21875,128.135663406708,-303.3,107.1,4208,320
^GSPC,^GSPC_17_60_53,MACD,17.0779166666667,35.5383958384721,-9.1225,98.795,177.3671875,718.871165473878,-674.85,1298.75,7190,384
^GSPC,^GSPC_17_72_53,MACD,11.1360416666667,29.8784606620737,-8.125,76.805,214.494791666667,924.247655356687,-642.9,1302.2,7058,384
^GSPC,^GSPC_17_86_35,MACD,4.1734375,14.3705480852241,-11.2775,36.91,111.864583333333,875.839224486832,-1021.55,1705.45,7817,384
^GSPC,^GSPC_12_60_80,MACD,3.46010416666667,15.0898226765621,-13.3125,21.945,62.8229166666667,518.990715538816,-484.55,910.299999999995,7584,384
^N225,^N225_17_124_16,MACD,1.8915625,12.2191658194154,-12.745,27.26,25.4557291666667,509.658149002226,-565.95,735.4,8467,384
^N225,^N225_14_124_10,MACD,-0.937291666666667,5.73505462354873,-9.84,7.03,-32.34375,549.049800194841,-571,421.85,10268,384
^N225,^N225_17_104_16,MACD,-1.49322916666667,8.08854973596258,-13.4,11.335,-26.5833333333333,313.167783979357,-471.7,379.85,8670,384
^N225,^N225_12_124_10,MACD,-1.6690625,4.74489400427893,-9.52,3.7825,-38.71875,304.189002780397,-526.25,353,10609,384
^N225,^N225_17_86_7,MACD,-2.3684375,4.47750078976748,-9.205,2.96,-58.4947916666667,339.711542470498,-644.4,357,11531,384
^N225,^N225_17_86_16,MACD,-2.53177083333333,5.12990961134931,-11.2725,3.5325,-43.9973958333333,278.214077825422,-444.35,329,9280,384
^N225,^N225_17_86_10,MACD,-3.789375,5.25951204710895,-11.68,0.525,-68.25,267.019170843427,-579.15,346,10356,384
^N225,^N225_17_86_24,MACD,-4.23395833333333,4.96763832041506,-13.6375,1.3,-52.3541666666667,249.360853130513,-386.7,280.9,8313,384
^N225,^N225_10_86_16,MACD,-4.26229166666667,4.02728182568699,-11.6625,-0.5075,-68.7473958333333,255.350854198565,-510.9,288,10570,384
^TYX,^TYX_17_149_120,MACD,42.8384375,113.954313138187,-74.3375,156.005,216.115625,588.292893811152,-474.05,1131.95,3625,320
^TYX,^TYX_30_149_120,MACD,36.6633333333333,122.661629617215,-53.7775,160.66,96.665625,470.147523108972,-587.8,988.000000000001,3489,320
^TYX,^TYX_25_149_120,MACD,33.4083333333333,108.522168006228,-73.4825,147.37,150.746875,503.614697276686,-523.15,1001.25,3492,320
^TYX,^TYX_14_149_120,MACD,23.1386458333333,79.5644103805185,-79.315,141.47,201.93125,551.298934911719,-604.3,1121.55,3661,320
^TYX,^TYX_21_124_120,MACD,12.2944791666667,176.074430851631,-267.8225,134.2625,226.890625,1213.38331707987,-1218.6,1738.1,3525,384
^TYX,^TYX_14_72_35,MACD,8.90177083333333,32.9177283220421,-37.31,39.3425,256.65625,1149.30635980206,-774.7,1756.9,6343,384
^TYX,^TYX_12_60_35,MACD,8.16270833333333,32.4736010509968,-38.505,46.82,234.9765625,1109.34872902186,-670.75,2060.1,6996,384
^TYX,^TYX_10_50_53,MACD,8.02760416666667,28.4579190993073,-36.86,48.6375,189.880208333333,845.198261057721,-857.1,1213.8,6843,384
^TYX,^TYX_12_60_53,MACD,7.0940625,39.5590102738767,-41.26,33.025,84.6927083333333,498.931541790222,-718,777.65,6338,384
^TYX,^TYX_30_86_16,MACD,6.79885416666667,30.8195744657871,-41.5675,56.44,159.0625,704.403483540521,-760.55,1190.25,6167,384
^TYX,^TYX_17_50_53,MACD,6.07291666666667,24.7109676019488,-33.3975,36.46,162.8203125,651.10963049084,-795.25,961.25,6318,384
^TYX,^TYX_14_60_53,MACD,5.60333333333333,25.0812299986586,-35.7475,43.14,127.346354166667,695.338933331073,-762.65,1144.14999999999,6064,384
^TYX,^TYX_17_124_120,MACD,-0.9684375,79.7160653996172,-178.7,112.94,85.734375,605.95570869829,-567.15,843.75,3995,384
^TYX,^TYX_14_60_16,MACD,-2.2203125,26.444581076704,-37.955,26.5375,73.2916666666667,468.712171899805,-559.4,657.149999999997,7810,384
