Symbol,Class,Methodology,Strategy,aR,aSD,IR,MD,trades,avg_no_monthly_trades,buys,sells,Buy_Success_Rate,Short_Success_Rate,Combined_Success_Rate,PortfolioValue
EURUSD=X,FX,SMA1M: 10 EMA,Active,-5.521,11.927,-0.463,70.897,444,2.11,2210,2294,0.2385,0.2476,0.486,18107
EURUSD=X,FX,SMA1M: 10 EMA,Passive,-0.709,11.501,-0.062,37.808,1,0,1,0,0.4987,0,0.4987,44028
EURUSD=X,FX,SMA1M: 10 SMA,Active,-6.225,11.926,-0.522,73.225,441,2.1,2221,2284,0.238,0.2449,0.4829,15839
EURUSD=X,FX,SMA1M: 10 SMA,Passive,-0.709,11.501,-0.062,37.808,1,0,1,0,0.4987,0,0.4987,44028
EURUSD=X,FX,SMA1M: 20 EMA,Active,-4.425,11.94,-0.371,62.547,335,1.6,2197,2300,0.2381,0.2503,0.4884,22294
EURUSD=X,FX,SMA1M: 20 EMA,Passive,-0.73,11.512,-0.063,37.809,1,0,1,0,0.4987,0,0.4987,43872
EURUSD=X,FX,SMA1M: 20 SMA,Active,-1.929,11.645,-0.166,44.419,311,1.48,2192,2305,0.2399,0.2528,0.4927,35320
EURUSD=X,FX,SMA1M: 20 SMA,Passive,-0.73,11.512,-0.063,37.809,1,0,1,0,0.4987,0,0.4987,43872
EURUSD=X,FX,SMA1M: 30 EMA,Active,-2.151,11.951,-0.18,51.522,259,1.24,2160,2327,0.2382,0.2571,0.4953,33947
EURUSD=X,FX,SMA1M: 30 EMA,Passive,-0.76,11.522,-0.066,37.808,1,0,1,0,0.4987,0,0.4987,43651
EURUSD=X,FX,SMA1M: 30 SMA,Active,-1.33,11.949,-0.111,44.654,245,1.17,2169,2318,0.2393,0.256,0.4953,39391
EURUSD=X,FX,SMA1M: 30 SMA,Passive,-0.76,11.522,-0.066,37.808,1,0,1,0,0.4987,0,0.4987,43651
EURUSD=X,FX,SMA1M: 40 EMA,Active,-0.3,11.96,-0.025,39.342,241,1.15,2158,2315,0.2374,0.2548,0.4922,47401
EURUSD=X,FX,SMA1M: 40 EMA,Passive,-0.846,11.533,-0.073,37.808,1,0,1,0,0.4984,0,0.4984,42992
EURUSD=X,FX,SMA1M: 40 SMA,Active,0.275,11.959,0.023,34.744,203,0.97,2193,2280,0.2434,0.2528,0.4962,52501
EURUSD=X,FX,SMA1M: 40 SMA,Passive,-0.846,11.533,-0.073,37.808,1,0,1,0,0.4984,0,0.4984,42992
EURUSD=X,FX,SMA1M: 50 EMA,Active,-0.551,11.973,-0.046,37.769,217,1.04,2182,2285,0.2415,0.2534,0.4949,45333
EURUSD=X,FX,SMA1M: 50 EMA,Passive,-0.831,11.543,-0.072,37.809,1,0,1,0,0.4987,0,0.4987,43128
EURUSD=X,FX,SMA1M: 50 SMA,Active,-0.818,11.972,-0.068,32.189,197,0.95,2179,2288,0.2406,0.2531,0.4937,43228
EURUSD=X,FX,SMA1M: 50 SMA,Passive,-0.831,11.543,-0.072,37.809,1,0,1,0,0.4987,0,0.4987,43128
EURUSD=X,FX,SMA1M: 60 EMA,Active,-1.087,11.989,-0.091,38.655,213,1.02,2213,2243,0.2452,0.2492,0.4944,41211
EURUSD=X,FX,SMA1M: 60 EMA,Passive,-0.906,11.553,-0.078,37.809,1,0,1,0,0.4982,0,0.4982,42563
EURUSD=X,FX,SMA1M: 60 SMA,Active,-2.188,11.983,-0.183,40.916,201,0.97,2188,2268,0.2411,0.2508,0.4919,33810
EURUSD=X,FX,SMA1M: 60 SMA,Passive,-0.906,11.553,-0.078,37.809,1,0,1,0,0.4982,0,0.4982,42563
EURUSD=X,FX,SMA1M: 70 EMA,Active,-0.884,11.969,-0.074,40.509,183,0.88,2197,2250,0.2451,0.2518,0.4969,42752
EURUSD=X,FX,SMA1M: 70 EMA,Passive,-0.937,11.563,-0.081,37.809,1,0,1,0,0.498,0,0.498,42350
EURUSD=X,FX,SMA1M: 70 SMA,Active,-1.833,11.997,-0.153,37.641,181,0.87,2192,2255,0.2437,0.2516,0.4953,36074
EURUSD=X,FX,SMA1M: 70 SMA,Passive,-0.937,11.563,-0.081,37.809,1,0,1,0,0.498,0,0.498,42350
EURUSD=X,FX,SMA1M: 80 EMA,Active,-0.093,11.981,-0.008,36.846,159,0.77,2166,2271,0.2431,0.2562,0.4993,49190
EURUSD=X,FX,SMA1M: 80 EMA,Passive,-1.023,11.574,-0.088,37.808,1,0,1,0,0.4973,0,0.4973,41717
EURUSD=X,FX,SMA1M: 80 SMA,Active,0.63,11.98,0.053,29.945,145,0.7,2217,2220,0.2497,0.2517,0.5014,55844
EURUSD=X,FX,SMA1M: 80 SMA,Passive,-1.023,11.574,-0.088,37.808,1,0,1,0,0.4973,0,0.4973,41717
EURUSD=X,FX,SMA1M: 90 EMA,Active,0.744,11.993,0.062,27.776,133,0.65,2144,2281,0.2446,0.2608,0.5054,56950
EURUSD=X,FX,SMA1M: 90 EMA,Passive,-0.986,11.585,-0.085,37.808,1,0,1,0,0.4973,0,0.4973,42010
EURUSD=X,FX,SMA1M: 90 SMA,Active,-0.94,11.991,-0.078,42.725,149,0.72,2179,2246,0.2453,0.2541,0.4993,42355
EURUSD=X,FX,SMA1M: 90 SMA,Passive,-0.986,11.585,-0.085,37.808,1,0,1,0,0.4973,0,0.4973,42010
EURUSD=X,FX,SMA1M: 100 EMA,Active,0.946,12.005,0.079,29.474,125,0.61,2123,2294,0.2433,0.2632,0.5066,58974
EURUSD=X,FX,SMA1M: 100 EMA,Passive,-0.951,11.596,-0.082,37.809,1,0,1,0,0.4975,0,0.4975,42287
EURUSD=X,FX,SMA1M: 100 SMA,Active,0.544,12.003,0.045,32.127,125,0.61,2140,2277,0.2438,0.2605,0.5043,54985
EURUSD=X,FX,SMA1M: 100 SMA,Passive,-0.951,11.596,-0.082,37.809,1,0,1,0,0.4975,0,0.4975,42287
GBPUSD=X,FX,SMA1M: 10 EMA,Active,-1.458,9.599,-0.152,42.084,455,2.17,2218,2301,0.2405,0.254,0.4945,38420
GBPUSD=X,FX,SMA1M: 10 EMA,Passive,-2.4,9.609,-0.25,49.345,1,0,1,0,0.4938,0,0.4938,32342
GBPUSD=X,FX,SMA1M: 10 SMA,Active,-1.062,9.6,-0.111,38.703,427,2.03,2236,2283,0.2427,0.2522,0.4949,41289
GBPUSD=X,FX,SMA1M: 10 SMA,Passive,-2.4,9.609,-0.25,49.345,1,0,1,0,0.4938,0,0.4938,32342
GBPUSD=X,FX,SMA1M: 20 EMA,Active,-1.665,9.607,-0.173,39.981,333,1.59,2245,2264,0.2435,0.2499,0.4933,37024
GBPUSD=X,FX,SMA1M: 20 EMA,Passive,-2.408,9.617,-0.25,49.345,1,0,1,0,0.4938,0,0.4938,32328
GBPUSD=X,FX,SMA1M: 20 SMA,Active,-0.302,9.607,-0.031,29.541,297,1.41,2232,2277,0.2439,0.2532,0.4971,47365
GBPUSD=X,FX,SMA1M: 20 SMA,Passive,-2.408,9.617,-0.25,49.345,1,0,1,0,0.4938,0,0.4938,32328
GBPUSD=X,FX,SMA1M: 30 EMA,Active,-2.571,9.598,-0.268,42.091,291,1.39,2248,2251,0.2416,0.2462,0.4878,31409
GBPUSD=X,FX,SMA1M: 30 EMA,Passive,-2.369,9.611,-0.246,49.345,1,0,1,0,0.4936,0,0.4936,32589
GBPUSD=X,FX,SMA1M: 30 SMA,Active,-2.076,9.599,-0.216,46.948,271,1.3,2228,2271,0.24,0.2489,0.4889,34379
GBPUSD=X,FX,SMA1M: 30 SMA,Passive,-2.369,9.611,-0.246,49.345,1,0,1,0,0.4936,0,0.4936,32589
GBPUSD=X,FX,SMA1M: 40 EMA,Active,-1.052,9.606,-0.11,40.642,233,1.11,2235,2254,0.2434,0.2501,0.4935,41411
GBPUSD=X,FX,SMA1M: 40 EMA,Passive,-2.422,9.617,-0.252,49.345,1,0,1,0,0.4933,0,0.4933,32306
GBPUSD=X,FX,SMA1M: 40 SMA,Active,-1.308,9.607,-0.136,45.517,227,1.09,2258,2231,0.2454,0.2468,0.4922,39548
GBPUSD=X,FX,SMA1M: 40 SMA,Passive,-2.422,9.617,-0.252,49.345,1,0,1,0,0.4933,0,0.4933,32306
GBPUSD=X,FX,SMA1M: 50 EMA,Active,-1.268,9.609,-0.132,41.243,218,1.05,2245,2233,0.2449,0.2473,0.4922,39850
GBPUSD=X,FX,SMA1M: 50 EMA,Passive,-2.332,9.62,-0.242,49.345,1,0,1,0,0.4938,0,0.4938,32874
GBPUSD=X,FX,SMA1M: 50 SMA,Active,-1.026,9.608,-0.107,41.607,200,0.96,2237,2241,0.2449,0.2491,0.494,41628
GBPUSD=X,FX,SMA1M: 50 SMA,Passive,-2.332,9.62,-0.242,49.345,1,0,1,0,0.4938,0,0.4938,32874
GBPUSD=X,FX,SMA1M: 60 EMA,Active,0.308,9.615,0.032,32.03,197,0.95,2241,2227,0.2483,0.2508,0.4991,52801
GBPUSD=X,FX,SMA1M: 60 EMA,Passive,-2.444,9.627,-0.254,49.345,1,0,1,0,0.4935,0,0.4935,32239
GBPUSD=X,FX,SMA1M: 60 SMA,Active,0.802,9.615,0.083,26.134,175,0.84,2216,2252,0.2474,0.2555,0.5029,57607
GBPUSD=X,FX,SMA1M: 60 SMA,Passive,-2.444,9.627,-0.254,49.345,1,0,1,0,0.4935,0,0.4935,32239
GBPUSD=X,FX,SMA1M: 70 EMA,Active,0.441,9.612,0.046,30.459,177,0.86,2263,2196,0.2518,0.2484,0.5002,54050
GBPUSD=X,FX,SMA1M: 70 EMA,Passive,-2.465,9.625,-0.256,49.345,1,0,1,0,0.4937,0,0.4937,32149
GBPUSD=X,FX,SMA1M: 70 SMA,Active,1.254,9.611,0.13,20.396,153,0.74,2244,2215,0.2516,0.2525,0.504,62332
GBPUSD=X,FX,SMA1M: 70 SMA,Passive,-2.465,9.625,-0.256,49.345,1,0,1,0,0.4937,0,0.4937,32149
GBPUSD=X,FX,SMA1M: 80 EMA,Active,0.685,9.618,0.071,26.197,159,0.77,2257,2190,0.2519,0.249,0.5009,56408
GBPUSD=X,FX,SMA1M: 80 EMA,Passive,-2.555,9.632,-0.265,49.345,1,0,1,0,0.493,0,0.493,31664
GBPUSD=X,FX,SMA1M: 80 SMA,Active,1.748,9.616,0.182,22.186,131,0.63,2263,2184,0.2562,0.2519,0.5081,67899
GBPUSD=X,FX,SMA1M: 80 SMA,Passive,-2.555,9.632,-0.265,49.345,1,0,1,0,0.493,0,0.493,31664
GBPUSD=X,FX,SMA1M: 90 EMA,Active,0.677,9.624,0.07,26.75,149,0.72,2229,2210,0.2502,0.2523,0.5025,56314
GBPUSD=X,FX,SMA1M: 90 EMA,Passive,-2.526,9.637,-0.262,49.345,1,0,1,0,0.4932,0,0.4932,31860
GBPUSD=X,FX,SMA1M: 90 SMA,Active,2.073,9.623,0.215,22.421,123,0.6,2268,2171,0.257,0.2507,0.5077,71764
GBPUSD=X,FX,SMA1M: 90 SMA,Passive,-2.526,9.637,-0.262,49.345,1,0,1,0,0.4932,0,0.4932,31860
GBPUSD=X,FX,SMA1M: 100 EMA,Active,0.414,9.631,0.043,25.666,147,0.71,2209,2220,0.2476,0.253,0.5007,53765
GBPUSD=X,FX,SMA1M: 100 EMA,Passive,-2.491,9.645,-0.258,49.345,1,0,1,0,0.4935,0,0.4935,32092
GBPUSD=X,FX,SMA1M: 100 SMA,Active,2.397,9.63,0.249,18.94,105,0.51,2259,2170,0.2573,0.2519,0.5093,75820
GBPUSD=X,FX,SMA1M: 100 SMA,Passive,-2.491,9.645,-0.258,49.345,1,0,1,0,0.4935,0,0.4935,32092
JPY=X,FX,SMA1M: 10 EMA,Active,-2.585,12.347,-0.209,49.595,411,1.96,2380,2126,0.2706,0.2227,0.4933,31299
JPY=X,FX,SMA1M: 10 EMA,Passive,1.772,11.868,0.149,35.707,1,0,1,0,0.518,0,0.518,68453
JPY=X,FX,SMA1M: 10 SMA,Active,-1.68,12.356,-0.136,53.011,399,1.9,2369,2137,0.2713,0.2263,0.4976,36930
JPY=X,FX,SMA1M: 10 SMA,Passive,1.772,11.868,0.149,35.707,1,0,1,0,0.518,0,0.518,68453
JPY=X,FX,SMA1M: 20 EMA,Active,-2.263,12.36,-0.183,59.799,317,1.51,2311,2185,0.263,0.2292,0.4922,33230
JPY=X,FX,SMA1M: 20 EMA,Passive,1.733,11.879,0.146,35.706,1,0,1,0,0.5178,0,0.5178,67938
JPY=X,FX,SMA1M: 20 SMA,Active,-0.955,12.367,-0.077,48.209,309,1.47,2329,2167,0.2652,0.2277,0.4929,42128
JPY=X,FX,SMA1M: 20 SMA,Passive,1.733,11.879,0.146,35.706,1,0,1,0,0.5178,0,0.5178,67938
JPY=X,FX,SMA1M: 30 EMA,Active,-0.373,12.374,-0.03,38.157,268,1.28,2300,2186,0.2629,0.2304,0.4933,46781
JPY=X,FX,SMA1M: 30 EMA,Passive,1.758,11.887,0.148,35.73,1,0,1,0,0.5176,0,0.5176,68192
JPY=X,FX,SMA1M: 30 SMA,Active,-1.986,12.387,-0.16,54.353,262,1.25,2325,2161,0.2656,0.2277,0.4933,34984
JPY=X,FX,SMA1M: 30 SMA,Passive,1.758,11.887,0.148,35.73,1,0,1,0,0.5176,0,0.5176,68192
JPY=X,FX,SMA1M: 40 EMA,Active,-1.615,12.394,-0.13,51.115,258,1.23,2314,2162,0.2622,0.2255,0.4877,37438
JPY=X,FX,SMA1M: 40 EMA,Passive,1.914,11.885,0.161,35.717,1,0,1,0,0.5176,0,0.5176,70026
JPY=X,FX,SMA1M: 40 SMA,Active,-2.466,12.39,-0.199,58.438,256,1.22,2267,2209,0.2555,0.2293,0.4848,32086
JPY=X,FX,SMA1M: 40 SMA,Passive,1.914,11.885,0.161,35.717,1,0,1,0,0.5176,0,0.5176,70026
JPY=X,FX,SMA1M: 50 EMA,Active,-0.866,12.384,-0.07,40.37,222,1.07,2327,2139,0.2663,0.2254,0.4917,42857
JPY=X,FX,SMA1M: 50 EMA,Passive,2.016,11.874,0.17,35.729,1,0,1,0,0.5179,0,0.5179,71227
JPY=X,FX,SMA1M: 50 SMA,Active,-1.07,12.386,-0.086,36.575,210,1.01,2278,2188,0.261,0.231,0.4919,41320
JPY=X,FX,SMA1M: 50 SMA,Passive,2.016,11.874,0.17,35.729,1,0,1,0,0.5179,0,0.5179,71227
JPY=X,FX,SMA1M: 60 EMA,Active,0.136,12.392,0.011,39.691,180,0.87,2329,2128,0.2701,0.2277,0.4978,51212
JPY=X,FX,SMA1M: 60 EMA,Passive,1.939,11.882,0.163,35.697,1,0,1,0,0.5179,0,0.5179,70229
JPY=X,FX,SMA1M: 60 SMA,Active,0.291,12.394,0.023,36.167,182,0.88,2279,2178,0.2627,0.2315,0.4942,52636
JPY=X,FX,SMA1M: 60 SMA,Passive,1.939,11.882,0.163,35.697,1,0,1,0,0.5179,0,0.5179,70229
JPY=X,FX,SMA1M: 70 EMA,Active,0.835,12.401,0.067,37.986,165,0.8,2322,2125,0.2707,0.2286,0.4993,57901
JPY=X,FX,SMA1M: 70 EMA,Passive,1.875,11.889,0.158,35.712,1,0,1,0,0.5182,0,0.5182,69393
JPY=X,FX,SMA1M: 70 SMA,Active,-0.119,12.401,-0.01,41.932,164,0.79,2294,2152,0.2648,0.2289,0.4937,48960
JPY=X,FX,SMA1M: 70 SMA,Passive,1.875,11.889,0.158,35.712,1,0,1,0,0.5182,0,0.5182,69393
JPY=X,FX,SMA1M: 80 EMA,Active,0.63,12.42,0.051,44.322,147,0.71,2318,2118,0.2702,0.2276,0.4977,55848
JPY=X,FX,SMA1M: 80 EMA,Passive,1.912,11.9,0.161,35.713,1,0,1,0,0.5185,0,0.5185,69790
JPY=X,FX,SMA1M: 80 SMA,Active,-0.018,12.409,-0.001,38.274,147,0.71,2311,2125,0.2681,0.2271,0.4953,49844
JPY=X,FX,SMA1M: 80 SMA,Passive,1.912,11.9,0.161,35.713,1,0,1,0,0.5185,0,0.5185,69790
JPY=X,FX,SMA1M: 90 EMA,Active,0.225,12.434,0.018,43.752,141,0.68,2306,2121,0.2692,0.2281,0.4973,52010
JPY=X,FX,SMA1M: 90 EMA,Passive,1.844,11.911,0.155,35.693,1,0,1,0,0.5185,0,0.5185,68922
JPY=X,FX,SMA1M: 90 SMA,Active,-0.9,12.434,-0.072,47.895,139,0.67,2330,2097,0.2717,0.2252,0.4968,42659
JPY=X,FX,SMA1M: 90 SMA,Passive,1.844,11.911,0.155,35.693,1,0,1,0,0.5185,0,0.5185,68922
JPY=X,FX,SMA1M: 100 EMA,Active,-0.103,12.445,-0.008,46.298,133,0.65,2290,2125,0.2682,0.2295,0.4977,49108
JPY=X,FX,SMA1M: 100 EMA,Passive,1.767,11.924,0.148,35.704,1,0,1,0,0.5183,0,0.5183,67972
JPY=X,FX,SMA1M: 100 SMA,Active,-1.23,12.443,-0.099,55.267,135,0.66,2305,2110,0.2687,0.2268,0.4955,40250
JPY=X,FX,SMA1M: 100 SMA,Passive,1.767,11.924,0.148,35.704,1,0,1,0,0.5183,0,0.5183,67972
AUDUSD=X,FX,SMA1M: 10 EMA,Active,-2.642,12.732,-0.208,54.141,453,2.16,2321,2201,0.2558,0.2297,0.4855,30928
AUDUSD=X,FX,SMA1M: 10 EMA,Passive,-0.818,12.804,-0.064,47.769,1,0,1,0,0.5103,0,0.5103,43151
AUDUSD=X,FX,SMA1M: 10 SMA,Active,-1.321,12.738,-0.104,46.437,434,2.07,2342,2180,0.2596,0.2286,0.4882,39385
AUDUSD=X,FX,SMA1M: 10 SMA,Passive,-0.818,12.804,-0.064,47.769,1,0,1,0,0.5103,0,0.5103,43151
AUDUSD=X,FX,SMA1M: 20 EMA,Active,2.735,12.732,0.215,26.638,304,1.45,2286,2225,0.2577,0.2378,0.4955,81049
AUDUSD=X,FX,SMA1M: 20 EMA,Passive,-0.744,12.809,-0.058,47.769,1,0,1,0,0.5107,0,0.5107,43745
AUDUSD=X,FX,SMA1M: 20 SMA,Active,0.243,12.737,0.019,35.537,298,1.42,2308,2203,0.259,0.2347,0.4937,52217
AUDUSD=X,FX,SMA1M: 20 SMA,Passive,-0.744,12.809,-0.058,47.769,1,0,1,0,0.5107,0,0.5107,43745
AUDUSD=X,FX,SMA1M: 30 EMA,Active,4.027,12.738,0.316,34.657,243,1.16,2290,2212,0.26,0.239,0.499,101230
AUDUSD=X,FX,SMA1M: 30 EMA,Passive,-0.796,12.819,-0.062,47.769,1,0,1,0,0.5105,0,0.5105,43347
AUDUSD=X,FX,SMA1M: 30 SMA,Active,2.687,12.74,0.211,34.4,237,1.13,2300,2202,0.2605,0.2372,0.4977,80299
AUDUSD=X,FX,SMA1M: 30 SMA,Passive,-0.796,12.819,-0.062,47.769,1,0,1,0,0.5105,0,0.5105,43347
AUDUSD=X,FX,SMA1M: 40 EMA,Active,1.839,12.753,0.144,32.499,225,1.08,2300,2192,0.2606,0.2366,0.4972,69190
AUDUSD=X,FX,SMA1M: 40 EMA,Passive,-0.848,12.829,-0.066,47.769,1,0,1,0,0.5099,0,0.5099,42961
AUDUSD=X,FX,SMA1M: 40 SMA,Active,2.276,12.75,0.179,29.85,205,0.98,2264,2228,0.258,0.2417,0.4997,74680
AUDUSD=X,FX,SMA1M: 40 SMA,Passive,-0.848,12.829,-0.066,47.769,1,0,1,0,0.5099,0,0.5099,42961
AUDUSD=X,FX,SMA1M: 50 EMA,Active,0.661,12.756,0.052,40.683,209,1,2260,2222,0.2565,0.2405,0.497,56211
AUDUSD=X,FX,SMA1M: 50 EMA,Passive,-0.82,12.833,-0.064,47.769,1,0,1,0,0.5097,0,0.5097,43192
AUDUSD=X,FX,SMA1M: 50 SMA,Active,1.283,12.753,0.101,34.707,199,0.96,2213,2269,0.2518,0.2463,0.4981,62730
AUDUSD=X,FX,SMA1M: 50 SMA,Passive,-0.82,12.833,-0.064,47.769,1,0,1,0,0.5097,0,0.5097,43192
AUDUSD=X,FX,SMA1M: 60 EMA,Active,0.416,12.765,0.033,39.864,187,0.9,2228,2243,0.254,0.2441,0.4981,53824
AUDUSD=X,FX,SMA1M: 60 EMA,Passive,-1.007,12.842,-0.078,47.769,1,0,1,0,0.5093,0,0.5093,41779
AUDUSD=X,FX,SMA1M: 60 SMA,Active,0.673,12.764,0.053,35.26,183,0.88,2212,2259,0.2515,0.2455,0.497,56323
AUDUSD=X,FX,SMA1M: 60 SMA,Passive,-1.007,12.842,-0.078,47.769,1,0,1,0,0.5093,0,0.5093,41779
AUDUSD=X,FX,SMA1M: 70 EMA,Active,-0.5,12.77,-0.039,43.547,199,0.96,2208,2253,0.2498,0.2438,0.4936,45752
AUDUSD=X,FX,SMA1M: 70 EMA,Passive,-1.134,12.847,-0.088,47.769,1,0,1,0,0.5091,0,0.5091,40854
AUDUSD=X,FX,SMA1M: 70 SMA,Active,-0.672,12.769,-0.053,44.033,179,0.86,2199,2262,0.2496,0.2458,0.4954,44372
AUDUSD=X,FX,SMA1M: 70 SMA,Passive,-1.134,12.847,-0.088,47.769,1,0,1,0,0.5091,0,0.5091,40854
AUDUSD=X,FX,SMA1M: 80 EMA,Active,-1.608,12.781,-0.126,51.616,199,0.96,2180,2272,0.2461,0.2455,0.4916,37550
AUDUSD=X,FX,SMA1M: 80 EMA,Passive,-1.15,12.858,-0.089,47.768,1,0,1,0,0.5089,0,0.5089,40763
AUDUSD=X,FX,SMA1M: 80 SMA,Active,-0.393,12.78,-0.031,41.987,167,0.81,2175,2277,0.2452,0.2459,0.4911,46642
AUDUSD=X,FX,SMA1M: 80 SMA,Passive,-1.15,12.858,-0.089,47.768,1,0,1,0,0.5089,0,0.5089,40763
AUDUSD=X,FX,SMA1M: 90 EMA,Active,-0.859,12.79,-0.067,46.629,187,0.91,2176,2264,0.2478,0.2465,0.4943,42944
AUDUSD=X,FX,SMA1M: 90 EMA,Passive,-1.151,12.868,-0.089,47.768,1,0,1,0,0.5093,0,0.5093,40769
AUDUSD=X,FX,SMA1M: 90 SMA,Active,-0.377,12.788,-0.029,44.942,157,0.76,2138,2302,0.2426,0.2501,0.4927,46775
AUDUSD=X,FX,SMA1M: 90 SMA,Passive,-1.151,12.868,-0.089,47.768,1,0,1,0,0.5093,0,0.5093,40769
AUDUSD=X,FX,SMA1M: 100 EMA,Active,1.128,12.8,0.088,28.736,151,0.73,2164,2268,0.2515,0.2517,0.5033,60901
AUDUSD=X,FX,SMA1M: 100 EMA,Passive,-1.101,12.878,-0.085,47.769,1,0,1,0,0.5096,0,0.5096,41156
AUDUSD=X,FX,SMA1M: 100 SMA,Active,-0.133,12.8,-0.01,43.598,155,0.75,2153,2279,0.247,0.2499,0.497,48840
AUDUSD=X,FX,SMA1M: 100 SMA,Passive,-1.101,12.878,-0.085,47.769,1,0,1,0,0.5096,0,0.5096,41156
USDPLN=X,FX,SMA1M: 10 EMA,Active,-0.41,14.152,-0.029,63.875,437,2.08,2163,2341,0.2327,0.2649,0.4977,46455
USDPLN=X,FX,SMA1M: 10 EMA,Passive,1.513,14.14,0.107,33.585,1,0,1,0,0.4866,0,0.4866,65406
USDPLN=X,FX,SMA1M: 10 SMA,Active,0.212,14.152,0.015,52.477,418,1.99,2157,2347,0.2301,0.2638,0.4939,51932
USDPLN=X,FX,SMA1M: 10 SMA,Passive,1.513,14.14,0.107,33.585,1,0,1,0,0.4866,0,0.4866,65406
USDPLN=X,FX,SMA1M: 20 EMA,Active,-0.768,14.156,-0.054,58.574,336,1.6,2156,2338,0.229,0.2617,0.4908,43577
USDPLN=X,FX,SMA1M: 20 EMA,Passive,1.476,14.144,0.104,33.136,1,0,1,0,0.4865,0,0.4865,64940
USDPLN=X,FX,SMA1M: 20 SMA,Active,1.831,14.146,0.129,37.757,299,1.42,2157,2336,0.2322,0.2644,0.4966,69108
USDPLN=X,FX,SMA1M: 20 SMA,Passive,1.476,14.144,0.104,33.136,1,0,1,0,0.4865,0,0.4865,64940
USDPLN=X,FX,SMA1M: 30 EMA,Active,0.124,14.161,0.009,55.355,279,1.33,2166,2318,0.2313,0.2605,0.4919,51119
USDPLN=X,FX,SMA1M: 30 EMA,Passive,1.539,14.149,0.109,32.435,1,0,1,0,0.4865,0,0.4865,65622
USDPLN=X,FX,SMA1M: 30 SMA,Active,-0.658,14.159,-0.046,57.417,257,1.23,2156,2328,0.2302,0.2616,0.4919,44454
USDPLN=X,FX,SMA1M: 30 SMA,Passive,1.539,14.149,0.109,32.435,1,0,1,0,0.4865,0,0.4865,65622
USDPLN=X,FX,SMA1M: 40 EMA,Active,-0.806,14.177,-0.057,55.515,241,1.15,2146,2330,0.2298,0.2627,0.4925,43307
USDPLN=X,FX,SMA1M: 40 EMA,Passive,1.591,14.161,0.112,32.336,1,0,1,0,0.4867,0,0.4867,66178
USDPLN=X,FX,SMA1M: 40 SMA,Active,0.103,14.17,0.007,50.117,223,1.07,2139,2337,0.2301,0.2642,0.4943,50920
USDPLN=X,FX,SMA1M: 40 SMA,Passive,1.591,14.161,0.112,32.336,1,0,1,0,0.4867,0,0.4867,66178
USDPLN=X,FX,SMA1M: 50 EMA,Active,1.094,14.185,0.077,49.822,209,1,2118,2348,0.2286,0.2662,0.4947,60638
USDPLN=X,FX,SMA1M: 50 EMA,Passive,1.628,14.171,0.115,31.996,1,0,1,0,0.4871,0,0.4871,66564
USDPLN=X,FX,SMA1M: 50 SMA,Active,2.003,14.174,0.141,30.294,189,0.91,2143,2323,0.2306,0.2624,0.4929,71054
USDPLN=X,FX,SMA1M: 50 SMA,Passive,1.628,14.171,0.115,31.996,1,0,1,0,0.4871,0,0.4871,66564
USDPLN=X,FX,SMA1M: 60 EMA,Active,0.9,14.191,0.063,44.081,189,0.91,2081,2374,0.2248,0.2692,0.4941,58581
USDPLN=X,FX,SMA1M: 60 EMA,Passive,1.747,14.182,0.123,31.997,1,0,1,0,0.4873,0,0.4873,67921
USDPLN=X,FX,SMA1M: 60 SMA,Active,1.995,14.189,0.141,34.523,169,0.81,2139,2316,0.2318,0.263,0.4947,70902
USDPLN=X,FX,SMA1M: 60 SMA,Passive,1.747,14.182,0.123,31.997,1,0,1,0,0.4873,0,0.4873,67921
USDPLN=X,FX,SMA1M: 70 EMA,Active,0.732,14.204,0.052,50.93,173,0.84,2075,2371,0.2262,0.2703,0.4965,56871
USDPLN=X,FX,SMA1M: 70 EMA,Passive,1.838,14.194,0.129,31.997,1,0,1,0,0.4877,0,0.4877,68943
USDPLN=X,FX,SMA1M: 70 SMA,Active,3.756,14.199,0.265,30.731,149,0.72,2116,2330,0.2325,0.2674,0.4999,95829
USDPLN=X,FX,SMA1M: 70 SMA,Passive,1.838,14.194,0.129,31.997,1,0,1,0,0.4877,0,0.4877,68943
USDPLN=X,FX,SMA1M: 80 EMA,Active,-0.222,14.217,-0.016,57.922,179,0.86,2073,2363,0.2256,0.2686,0.4943,48085
USDPLN=X,FX,SMA1M: 80 EMA,Passive,2.008,14.208,0.141,31.997,1,0,1,0,0.4884,0,0.4884,70955
USDPLN=X,FX,SMA1M: 80 SMA,Active,1.415,14.218,0.1,37.675,149,0.72,2102,2334,0.2312,0.2675,0.4988,64028
USDPLN=X,FX,SMA1M: 80 SMA,Passive,2.008,14.208,0.141,31.997,1,0,1,0,0.4884,0,0.4884,70955
USDPLN=X,FX,SMA1M: 90 EMA,Active,-0.291,14.23,-0.02,59.213,169,0.82,2068,2358,0.2266,0.2699,0.4965,47509
USDPLN=X,FX,SMA1M: 90 EMA,Passive,2.016,14.22,0.142,31.996,1,0,1,0,0.4884,0,0.4884,70996
USDPLN=X,FX,SMA1M: 90 SMA,Active,1.785,14.229,0.125,42.02,139,0.67,2089,2337,0.2313,0.2697,0.501,68228
USDPLN=X,FX,SMA1M: 90 SMA,Passive,2.016,14.22,0.142,31.996,1,0,1,0,0.4884,0,0.4884,70996
USDPLN=X,FX,SMA1M: 100 EMA,Active,1.68,14.236,0.118,51.187,139,0.67,2082,2332,0.2307,0.2696,0.5003,66951
USDPLN=X,FX,SMA1M: 100 EMA,Passive,1.934,14.231,0.136,31.997,1,0,1,0,0.4886,0,0.4886,69946
USDPLN=X,FX,SMA1M: 100 SMA,Active,0.069,14.238,0.005,60.491,147,0.71,2104,2310,0.2323,0.2662,0.4985,50610
USDPLN=X,FX,SMA1M: 100 SMA,Passive,1.934,14.231,0.136,31.997,1,0,1,0,0.4886,0,0.4886,69946
MXN=X,FX,SMA1M: 10 EMA,Active,-2.047,12.944,-0.158,51.354,448,2.13,2064,2462,0.2164,0.2784,0.4948,34479
MXN=X,FX,SMA1M: 10 EMA,Passive,2.55,12.926,0.197,35.538,1,0,1,0,0.4805,0,0.4805,78614
MXN=X,FX,SMA1M: 10 SMA,Active,-0.61,12.943,-0.047,38.731,432,2.06,2093,2433,0.2197,0.2756,0.4953,44791
MXN=X,FX,SMA1M: 10 SMA,Passive,2.55,12.926,0.197,35.538,1,0,1,0,0.4805,0,0.4805,78614
MXN=X,FX,SMA1M: 20 EMA,Active,-3.509,12.95,-0.271,58.706,359,1.71,2034,2479,0.2133,0.2808,0.4941,26354
MXN=X,FX,SMA1M: 20 EMA,Passive,2.517,12.932,0.195,35.54,1,0,1,0,0.4806,0,0.4806,78083
MXN=X,FX,SMA1M: 20 SMA,Active,-4.395,12.95,-0.339,65.66,344,1.64,2078,2437,0.2162,0.2737,0.4899,22337
MXN=X,FX,SMA1M: 20 SMA,Passive,2.517,12.932,0.195,35.54,1,0,1,0,0.4806,0,0.4806,78083
MXN=X,FX,SMA1M: 30 EMA,Active,-1.317,12.957,-0.102,46.779,292,1.4,2051,2457,0.2173,0.2801,0.4974,39441
MXN=X,FX,SMA1M: 30 EMA,Passive,2.566,12.94,0.198,35.54,1,0,1,0,0.481,0,0.481,78663
MXN=X,FX,SMA1M: 30 SMA,Active,-0.786,12.957,-0.061,39.029,268,1.28,2070,2438,0.2204,0.279,0.4994,43420
MXN=X,FX,SMA1M: 30 SMA,Passive,2.566,12.94,0.198,35.54,1,0,1,0,0.481,0,0.481,78663
MXN=X,FX,SMA1M: 40 EMA,Active,0.004,12.965,0,34.286,241,1.15,1995,2500,0.2154,0.2894,0.5048,50034
MXN=X,FX,SMA1M: 40 EMA,Passive,2.45,12.95,0.189,35.539,1,0,1,0,0.481,0,0.481,77024
MXN=X,FX,SMA1M: 40 SMA,Active,-0.85,12.965,-0.066,40.293,243,1.16,2046,2449,0.2205,0.2832,0.5037,42936
MXN=X,FX,SMA1M: 40 SMA,Passive,2.45,12.95,0.189,35.539,1,0,1,0,0.481,0,0.481,77024
MXN=X,FX,SMA1M: 50 EMA,Active,0.201,12.976,0.015,32.789,221,1.06,1943,2544,0.2116,0.2965,0.5081,51819
MXN=X,FX,SMA1M: 50 EMA,Passive,2.453,12.96,0.189,35.539,1,0,1,0,0.4812,0,0.4812,76986
MXN=X,FX,SMA1M: 50 SMA,Active,0.44,12.974,0.034,32.902,215,1.03,2012,2475,0.2183,0.2878,0.5061,54067
MXN=X,FX,SMA1M: 50 SMA,Passive,2.453,12.96,0.189,35.539,1,0,1,0,0.4812,0,0.4812,76986
MXN=X,FX,SMA1M: 60 EMA,Active,-0.499,12.986,-0.038,39.402,213,1.02,1930,2548,0.2099,0.2969,0.5068,45745
MXN=X,FX,SMA1M: 60 EMA,Passive,2.523,12.97,0.195,35.54,1,0,1,0,0.4814,0,0.4814,77846
MXN=X,FX,SMA1M: 60 SMA,Active,-1.101,12.985,-0.085,45.522,209,1,1979,2499,0.215,0.2909,0.5059,41073
MXN=X,FX,SMA1M: 60 SMA,Passive,2.523,12.97,0.195,35.54,1,0,1,0,0.4814,0,0.4814,77846
MXN=X,FX,SMA1M: 70 EMA,Active,-1.083,12.998,-0.083,45.278,197,0.95,1930,2538,0.2099,0.296,0.5059,41221
MXN=X,FX,SMA1M: 70 EMA,Passive,2.559,12.982,0.197,35.539,1,0,1,0,0.4813,0,0.4813,78259
MXN=X,FX,SMA1M: 70 SMA,Active,1.03,12.997,0.079,36.032,167,0.81,1932,2536,0.2139,0.2996,0.5135,59957
MXN=X,FX,SMA1M: 70 SMA,Passive,2.559,12.982,0.197,35.539,1,0,1,0,0.4813,0,0.4813,78259
MXN=X,FX,SMA1M: 80 EMA,Active,-1.511,13.012,-0.116,48.607,182,0.88,1938,2520,0.2104,0.2936,0.5039,38197
MXN=X,FX,SMA1M: 80 EMA,Passive,2.576,12.995,0.198,35.541,1,0,1,0,0.4813,0,0.4813,78413
MXN=X,FX,SMA1M: 80 SMA,Active,0.361,13.011,0.028,37.121,152,0.73,1933,2525,0.2146,0.2987,0.5133,53288
MXN=X,FX,SMA1M: 80 SMA,Passive,2.576,12.995,0.198,35.541,1,0,1,0,0.4813,0,0.4813,78413
MXN=X,FX,SMA1M: 90 EMA,Active,-1.013,13.022,-0.078,44.149,158,0.77,1929,2519,0.2111,0.2951,0.5062,41778
MXN=X,FX,SMA1M: 90 EMA,Passive,2.655,13.005,0.204,35.54,1,0,1,0,0.4815,0,0.4815,79399
MXN=X,FX,SMA1M: 90 SMA,Active,-1.295,13.022,-0.099,45.857,160,0.78,1949,2499,0.2144,0.2938,0.5082,39723
MXN=X,FX,SMA1M: 90 SMA,Passive,2.655,13.005,0.204,35.54,1,0,1,0,0.4815,0,0.4815,79399
MXN=X,FX,SMA1M: 100 EMA,Active,-2.292,13.034,-0.176,55.68,158,0.77,1920,2518,0.2086,0.2933,0.5019,33236
MXN=X,FX,SMA1M: 100 EMA,Passive,2.684,13.016,0.206,35.54,1,0,1,0,0.4816,0,0.4816,79720
MXN=X,FX,SMA1M: 100 SMA,Active,-0.819,13.032,-0.063,38.702,154,0.75,1959,2479,0.2147,0.2906,0.5053,43262
MXN=X,FX,SMA1M: 100 SMA,Passive,2.684,13.016,0.206,35.54,1,0,1,0,0.4816,0,0.4816,79720
^GSPC,Equities,SMA1M: 10 EMA,Active,-5.619,19.317,-0.291,70.07,416,1.99,2782,1588,0.3406,0.1624,0.503,18337
^GSPC,Equities,SMA1M: 10 EMA,Passive,8.351,19.968,0.418,54.521,1,0,1,0,0.5414,0,0.5414,200975
^GSPC,Equities,SMA1M: 10 SMA,Active,-2.83,19.439,-0.146,61.244,396,1.89,2753,1617,0.3381,0.1665,0.5046,30388
^GSPC,Equities,SMA1M: 10 SMA,Passive,8.351,19.968,0.418,54.521,1,0,1,0,0.5414,0,0.5414,200975
^GSPC,Equities,SMA1M: 20 EMA,Active,-7.127,19.005,-0.375,76.641,309,1.49,2910,1450,0.3576,0.149,0.5066,13908
^GSPC,Equities,SMA1M: 20 EMA,Passive,8.209,19.963,0.411,54.875,1,0,1,0,0.5413,0,0.5413,195856
^GSPC,Equities,SMA1M: 20 SMA,Active,-3.078,19.328,-0.159,64.04,277,1.33,2867,1493,0.354,0.1552,0.5092,29107
^GSPC,Equities,SMA1M: 20 SMA,Passive,8.209,19.963,0.411,54.875,1,0,1,0,0.5413,0,0.5413,195856
^GSPC,Equities,SMA1M: 30 EMA,Active,-4.007,19.413,-0.206,67.52,257,1.24,2948,1403,0.3631,0.1443,0.5074,24679
^GSPC,Equities,SMA1M: 30 EMA,Passive,8.23,20.004,0.411,54.888,1,0,1,0,0.5411,0,0.5411,195880
^GSPC,Equities,SMA1M: 30 SMA,Active,-2.16,19.445,-0.111,61.58,235,1.13,2892,1459,0.3575,0.1517,0.5092,34297
^GSPC,Equities,SMA1M: 30 SMA,Passive,8.23,20.004,0.411,54.888,1,0,1,0,0.5411,0,0.5411,195880
^GSPC,Equities,SMA1M: 40 EMA,Active,-0.77,19.659,-0.039,47.002,210,1.01,2991,1349,0.3722,0.1409,0.5131,43765
^GSPC,Equities,SMA1M: 40 EMA,Passive,8.57,20.013,0.428,54.961,1,0,1,0,0.5419,0,0.5419,206110
^GSPC,Equities,SMA1M: 40 SMA,Active,-2.557,19.559,-0.131,55.247,202,0.98,2917,1423,0.3609,0.1467,0.5076,32003
^GSPC,Equities,SMA1M: 40 SMA,Passive,8.57,20.013,0.428,54.961,1,0,1,0,0.5419,0,0.5419,206110
^GSPC,Equities,SMA1M: 50 EMA,Active,-0.866,19.725,-0.044,47.843,189,0.91,3039,1291,0.3781,0.1348,0.5129,43057
^GSPC,Equities,SMA1M: 50 EMA,Passive,8.449,19.998,0.422,55.05,1,0,1,0,0.5418,0,0.5418,201536
^GSPC,Equities,SMA1M: 50 SMA,Active,-1.867,19.6,-0.095,53.019,183,0.88,2967,1363,0.3675,0.1408,0.5083,36165
^GSPC,Equities,SMA1M: 50 SMA,Passive,8.449,19.998,0.422,55.05,1,0,1,0,0.5418,0,0.5418,201536
^GSPC,Equities,SMA1M: 60 EMA,Active,-0.341,19.774,-0.017,50.845,167,0.81,3048,1273,0.3818,0.1349,0.5167,47152
^GSPC,Equities,SMA1M: 60 EMA,Passive,8.451,20.038,0.422,54.711,1,0,1,0,0.5416,0,0.5416,200973
^GSPC,Equities,SMA1M: 60 SMA,Active,-2.917,19.661,-0.148,64.456,171,0.83,3008,1313,0.3746,0.137,0.5116,30098
^GSPC,Equities,SMA1M: 60 SMA,Passive,8.451,20.038,0.422,54.711,1,0,1,0,0.5416,0,0.5416,200973
^GSPC,Equities,SMA1M: 70 EMA,Active,-2.163,19.681,-0.11,62.507,171,0.83,3070,1241,0.3836,0.1308,0.5144,34397
^GSPC,Equities,SMA1M: 70 EMA,Passive,8.281,20.05,0.413,54.468,1,0,1,0,0.5408,0,0.5408,195016
^GSPC,Equities,SMA1M: 70 SMA,Active,-0.872,19.73,-0.044,56.487,149,0.72,3037,1274,0.3799,0.1347,0.5146,43040
^GSPC,Equities,SMA1M: 70 SMA,Passive,8.281,20.05,0.413,54.468,1,0,1,0,0.5408,0,0.5408,195016
^GSPC,Equities,SMA1M: 80 EMA,Active,0.285,19.79,0.014,50.024,141,0.69,3117,1184,0.3928,0.1272,0.52,52488
^GSPC,Equities,SMA1M: 80 EMA,Passive,8.163,20.057,0.407,54.834,1,0,1,0,0.5411,0,0.5411,190825
^GSPC,Equities,SMA1M: 80 SMA,Active,-1.251,19.698,-0.064,62.206,143,0.7,3047,1254,0.3824,0.133,0.5153,40332
^GSPC,Equities,SMA1M: 80 SMA,Passive,8.163,20.057,0.407,54.834,1,0,1,0,0.5411,0,0.5411,190825
^GSPC,Equities,SMA1M: 90 EMA,Active,0.885,19.814,0.045,46.499,127,0.62,3136,1155,0.397,0.1253,0.5224,58094
^GSPC,Equities,SMA1M: 90 EMA,Passive,8.143,20.087,0.405,55.01,1,0,1,0,0.5408,0,0.5408,189613
^GSPC,Equities,SMA1M: 90 SMA,Active,-0.028,19.813,-0.001,54.779,123,0.6,3072,1219,0.3884,0.1316,0.52,49760
^GSPC,Equities,SMA1M: 90 SMA,Passive,8.143,20.087,0.405,55.01,1,0,1,0,0.5408,0,0.5408,189613
^GSPC,Equities,SMA1M: 100 EMA,Active,0.669,19.836,0.034,46.47,125,0.61,3144,1137,0.3979,0.1228,0.5208,55999
^GSPC,Equities,SMA1M: 100 EMA,Passive,8.015,20.089,0.399,54.935,1,0,1,0,0.5409,0,0.5409,185264
^GSPC,Equities,SMA1M: 100 SMA,Active,0.146,19.834,0.007,49.251,125,0.61,3087,1194,0.39,0.1282,0.5182,51254
^GSPC,Equities,SMA1M: 100 SMA,Passive,8.015,20.089,0.399,54.935,1,0,1,0,0.5409,0,0.5409,185264
^IXIC,Equities,SMA1M: 10 EMA,Active,-2.759,20.647,-0.134,61.928,409,1.96,2793,1578,0.3525,0.1617,0.5142,30778
^IXIC,Equities,SMA1M: 10 EMA,Passive,12.022,21.934,0.548,53.699,1,0,1,0,0.5517,0,0.5517,358202
^IXIC,Equities,SMA1M: 10 SMA,Active,-2.751,20.624,-0.133,57.812,385,1.84,2758,1613,0.3477,0.1647,0.5124,30820
^IXIC,Equities,SMA1M: 10 SMA,Passive,12.022,21.934,0.548,53.699,1,0,1,0,0.5517,0,0.5517,358202
^IXIC,Equities,SMA1M: 20 EMA,Active,-1.904,20.595,-0.092,64.932,291,1.4,2901,1459,0.3673,0.1508,0.5181,35849
^IXIC,Equities,SMA1M: 20 EMA,Passive,12.023,21.995,0.547,53.695,1,0,1,0,0.5511,0,0.5511,356662
^IXIC,Equities,SMA1M: 20 SMA,Active,-1.709,20.446,-0.084,66.416,273,1.31,2858,1502,0.3627,0.1561,0.5188,37102
^IXIC,Equities,SMA1M: 20 SMA,Passive,12.023,21.995,0.547,53.695,1,0,1,0,0.5511,0,0.5511,356662
^IXIC,Equities,SMA1M: 30 EMA,Active,2.12,21.131,0.1,54.883,229,1.1,2948,1403,0.3775,0.1489,0.5264,71820
^IXIC,Equities,SMA1M: 30 EMA,Passive,12.052,22.015,0.547,53.385,1,0,1,0,0.551,0,0.551,356664
^IXIC,Equities,SMA1M: 30 SMA,Active,0.423,21.082,0.02,57.572,217,1.04,2906,1445,0.3709,0.1519,0.5227,53777
^IXIC,Equities,SMA1M: 30 SMA,Passive,12.052,22.015,0.547,53.385,1,0,1,0,0.551,0,0.551,356664
^IXIC,Equities,SMA1M: 40 EMA,Active,1.719,21.264,0.081,47.518,194,0.94,3019,1321,0.3871,0.14,0.5272,67058
^IXIC,Equities,SMA1M: 40 EMA,Passive,12.377,22.029,0.562,54.054,1,0,1,0,0.5514,0,0.5514,373203
^IXIC,Equities,SMA1M: 40 SMA,Active,-1.554,20.717,-0.075,52.492,192,0.93,2947,1393,0.3759,0.1453,0.5212,38177
^IXIC,Equities,SMA1M: 40 SMA,Passive,12.377,22.029,0.562,54.054,1,0,1,0,0.5514,0,0.5514,373203
^IXIC,Equities,SMA1M: 50 EMA,Active,2.694,21.521,0.125,46.688,179,0.86,3046,1284,0.3915,0.1369,0.5284,78951
^IXIC,Equities,SMA1M: 50 EMA,Passive,12.401,22.042,0.563,53.275,1,0,1,0,0.5515,0,0.5515,372843
^IXIC,Equities,SMA1M: 50 SMA,Active,-0.088,21.05,-0.004,46.03,163,0.79,3004,1326,0.3867,0.1417,0.5284,49251
^IXIC,Equities,SMA1M: 50 SMA,Passive,12.401,22.042,0.563,53.275,1,0,1,0,0.5515,0,0.5515,372843
^IXIC,Equities,SMA1M: 60 EMA,Active,1.638,21.637,0.076,39.342,163,0.79,3056,1265,0.394,0.1356,0.5296,66059
^IXIC,Equities,SMA1M: 60 EMA,Passive,12.432,22.082,0.563,52.897,1,0,1,0,0.5514,0,0.5514,372867
^IXIC,Equities,SMA1M: 60 SMA,Active,-1.381,20.896,-0.066,47.881,165,0.8,3028,1293,0.3903,0.1384,0.5287,39394
^IXIC,Equities,SMA1M: 60 SMA,Passive,12.432,22.082,0.563,52.897,1,0,1,0,0.5514,0,0.5514,372867
^IXIC,Equities,SMA1M: 70 EMA,Active,3.561,21.754,0.164,31.076,147,0.71,3085,1224,0.4,0.1331,0.5332,90978
^IXIC,Equities,SMA1M: 70 EMA,Passive,12.107,22.055,0.549,53.137,1,0,1,0,0.5508,0,0.5508,353199
^IXIC,Equities,SMA1M: 70 SMA,Active,0.04,21.291,0.002,36.986,141,0.68,3039,1270,0.3938,0.1375,0.5313,50343
^IXIC,Equities,SMA1M: 70 SMA,Passive,12.107,22.055,0.549,53.137,1,0,1,0,0.5508,0,0.5508,353199
^IXIC,Equities,SMA1M: 80 EMA,Active,4.651,21.713,0.214,28.639,137,0.67,3141,1160,0.4075,0.1265,0.5339,108620
^IXIC,Equities,SMA1M: 80 EMA,Passive,12.129,22.091,0.549,53.017,1,0,1,0,0.5509,0,0.5509,352802
^IXIC,Equities,SMA1M: 80 SMA,Active,2.758,21.462,0.129,40.072,119,0.58,3060,1241,0.3989,0.1367,0.5356,79546
^IXIC,Equities,SMA1M: 80 SMA,Passive,12.129,22.091,0.549,53.017,1,0,1,0,0.5509,0,0.5509,352802
^IXIC,Equities,SMA1M: 90 EMA,Active,6.389,21.87,0.292,28.929,123,0.6,3165,1126,0.4124,0.1242,0.5366,143541
^IXIC,Equities,SMA1M: 90 EMA,Passive,12.231,22.101,0.553,53.082,1,0,1,0,0.5506,0,0.5506,356668
^IXIC,Equities,SMA1M: 90 SMA,Active,5.173,21.709,0.238,33.245,107,0.52,3067,1224,0.4014,0.1361,0.5375,118016
^IXIC,Equities,SMA1M: 90 SMA,Passive,12.231,22.101,0.553,53.082,1,0,1,0,0.5506,0,0.5506,356668
^IXIC,Equities,SMA1M: 100 EMA,Active,5.114,21.696,0.236,38.352,119,0.58,3185,1096,0.4143,0.12,0.5343,116673
^IXIC,Equities,SMA1M: 100 EMA,Passive,11.883,22.082,0.538,53.775,1,0,1,0,0.5504,0,0.5504,336781
^IXIC,Equities,SMA1M: 100 SMA,Active,4.602,21.712,0.212,37.151,109,0.53,3096,1185,0.405,0.1315,0.5364,107371
^IXIC,Equities,SMA1M: 100 SMA,Passive,11.883,22.082,0.538,53.775,1,0,1,0,0.5504,0,0.5504,336781
^FTSE,Equities,SMA1M: 10 EMA,Active,-6.866,16.629,-0.413,78.954,460,2.2,2514,1870,0.2912,0.1947,0.4859,14501
^FTSE,Equities,SMA1M: 10 EMA,Passive,1.717,17.92,0.096,46.381,1,0,1,0,0.5228,0,0.5228,67244
^FTSE,Equities,SMA1M: 10 SMA,Active,-6.874,16.455,-0.418,74.171,430,2.06,2488,1896,0.2889,0.1981,0.487,14481
^FTSE,Equities,SMA1M: 10 SMA,Passive,1.717,17.92,0.096,46.381,1,0,1,0,0.5228,0,0.5228,67244
^FTSE,Equities,SMA1M: 20 EMA,Active,-9.163,16.277,-0.563,84.77,348,1.67,2563,1812,0.2971,0.1883,0.4854,9427
^FTSE,Equities,SMA1M: 20 EMA,Passive,1.702,17.932,0.095,46.373,1,0,1,0,0.5226,0,0.5226,67021
^FTSE,Equities,SMA1M: 20 SMA,Active,-7.09,16.312,-0.435,79.094,326,1.56,2524,1851,0.2939,0.194,0.4879,13947
^FTSE,Equities,SMA1M: 20 SMA,Passive,1.702,17.932,0.095,46.373,1,0,1,0,0.5226,0,0.5226,67021
^FTSE,Equities,SMA1M: 30 EMA,Active,-7.361,16.376,-0.449,79.268,285,1.37,2594,1771,0.3023,0.186,0.4883,13299
^FTSE,Equities,SMA1M: 30 EMA,Passive,1.729,17.812,0.097,44.377,1,0,1,0,0.5222,0,0.5222,67282
^FTSE,Equities,SMA1M: 30 SMA,Active,-7.397,16.439,-0.45,78.617,267,1.28,2540,1825,0.2934,0.1894,0.4828,13209
^FTSE,Equities,SMA1M: 30 SMA,Passive,1.729,17.812,0.097,44.377,1,0,1,0,0.5222,0,0.5222,67282
^FTSE,Equities,SMA1M: 40 EMA,Active,-9.313,16.238,-0.574,83.824,280,1.35,2579,1776,0.2998,0.185,0.4848,9232
^FTSE,Equities,SMA1M: 40 EMA,Passive,1.746,17.956,0.097,46.36,1,0,1,0,0.522,0,0.522,67438
^FTSE,Equities,SMA1M: 40 SMA,Active,-7.874,16.634,-0.473,79.508,248,1.19,2518,1837,0.2918,0.191,0.4828,12119
^FTSE,Equities,SMA1M: 40 SMA,Passive,1.746,17.956,0.097,46.36,1,0,1,0,0.522,0,0.522,67438
^FTSE,Equities,SMA1M: 50 EMA,Active,-7.147,16.639,-0.43,79.521,236,1.14,2600,1744,0.3058,0.185,0.4908,13923
^FTSE,Equities,SMA1M: 50 EMA,Passive,1.813,17.665,0.103,46.023,1,0,1,0,0.5221,0,0.5221,68155
^FTSE,Equities,SMA1M: 50 SMA,Active,-8.38,16.459,-0.509,83.679,228,1.1,2563,1781,0.2984,0.1859,0.4844,11056
^FTSE,Equities,SMA1M: 50 SMA,Passive,1.813,17.665,0.103,46.023,1,0,1,0,0.5221,0,0.5221,68155
^FTSE,Equities,SMA1M: 60 EMA,Active,-6.568,16.857,-0.39,78.33,213,1.03,2618,1717,0.3083,0.1827,0.491,15540
^FTSE,Equities,SMA1M: 60 EMA,Passive,1.709,17.967,0.095,45.682,1,0,1,0,0.5217,0,0.5217,66921
^FTSE,Equities,SMA1M: 60 SMA,Active,-7.334,16.621,-0.441,78.94,199,0.96,2555,1780,0.3007,0.1893,0.4901,13487
^FTSE,Equities,SMA1M: 60 SMA,Passive,1.709,17.967,0.095,45.682,1,0,1,0,0.5217,0,0.5217,66921
^FTSE,Equities,SMA1M: 70 EMA,Active,-8.251,16.53,-0.499,81.834,213,1.03,2606,1719,0.3067,0.1826,0.4894,11405
^FTSE,Equities,SMA1M: 70 EMA,Passive,1.745,17.888,0.098,44.25,1,0,1,0,0.5215,0,0.5215,67287
^FTSE,Equities,SMA1M: 70 SMA,Active,-7.381,16.553,-0.446,76.582,179,0.87,2583,1742,0.3056,0.1868,0.4924,13411
^FTSE,Equities,SMA1M: 70 SMA,Passive,1.745,17.888,0.098,44.25,1,0,1,0,0.5215,0,0.5215,67287
^FTSE,Equities,SMA1M: 80 EMA,Active,-7.913,16.533,-0.479,80.406,203,0.99,2598,1717,0.3068,0.1828,0.4896,12189
^FTSE,Equities,SMA1M: 80 EMA,Passive,1.749,17.903,0.098,44.508,1,0,1,0,0.5215,0,0.5215,67287
^FTSE,Equities,SMA1M: 80 SMA,Active,-6.881,16.75,-0.411,77.146,179,0.87,2568,1747,0.3044,0.1874,0.4919,14750
^FTSE,Equities,SMA1M: 80 SMA,Passive,1.749,17.903,0.098,44.508,1,0,1,0,0.5215,0,0.5215,67287
^FTSE,Equities,SMA1M: 90 EMA,Active,-7.591,16.851,-0.45,80.743,187,0.91,2597,1708,0.3089,0.1837,0.4926,12979
^FTSE,Equities,SMA1M: 90 EMA,Passive,1.72,17.353,0.099,44.939,1,0,1,0,0.5216,0,0.5216,66912
^FTSE,Equities,SMA1M: 90 SMA,Active,-7.702,16.628,-0.463,80.751,179,0.87,2573,1732,0.3054,0.1858,0.4912,12715
^FTSE,Equities,SMA1M: 90 SMA,Passive,1.72,17.353,0.099,44.939,1,0,1,0,0.5216,0,0.5216,66912
^FTSE,Equities,SMA1M: 100 EMA,Active,-7.567,16.847,-0.449,81.183,175,0.85,2611,1683,0.3117,0.1818,0.4935,13077
^FTSE,Equities,SMA1M: 100 EMA,Passive,1.722,17.181,0.1,44.702,1,0,1,0,0.5216,0,0.5216,66888
^FTSE,Equities,SMA1M: 100 SMA,Active,-6.56,17.031,-0.385,76.217,163,0.8,2552,1742,0.3063,0.1902,0.4965,15730
^FTSE,Equities,SMA1M: 100 SMA,Passive,1.722,17.181,0.1,44.702,1,0,1,0,0.5216,0,0.5216,66888
^GDAXI,Equities,SMA1M: 10 EMA,Active,-3.913,18.231,-0.215,61.97,428,2.05,2629,1776,0.3174,0.1874,0.5049,24879
^GDAXI,Equities,SMA1M: 10 EMA,Passive,5.743,20.437,0.281,51.833,1,0,1,0,0.533,0,0.533,132732
^GDAXI,Equities,SMA1M: 10 SMA,Active,-2.33,19.166,-0.122,51.574,404,1.93,2569,1836,0.3104,0.194,0.5044,33107
^GDAXI,Equities,SMA1M: 10 SMA,Passive,5.743,20.437,0.281,51.833,1,0,1,0,0.533,0,0.533,132732
^GDAXI,Equities,SMA1M: 20 EMA,Active,-2.548,19.403,-0.131,60.26,299,1.43,2691,1705,0.3254,0.1804,0.5058,31875
^GDAXI,Equities,SMA1M: 20 EMA,Passive,5.748,20.557,0.28,51.986,1,0,1,0,0.5333,0,0.5333,132545
^GDAXI,Equities,SMA1M: 20 SMA,Active,-4.664,18.947,-0.246,75.871,299,1.43,2630,1766,0.3175,0.1863,0.5038,21732
^GDAXI,Equities,SMA1M: 20 SMA,Passive,5.748,20.557,0.28,51.986,1,0,1,0,0.5333,0,0.5333,132545
^GDAXI,Equities,SMA1M: 30 EMA,Active,-4.03,19.217,-0.21,71.735,263,1.26,2709,1675,0.3276,0.1769,0.5044,24438
^GDAXI,Equities,SMA1M: 30 EMA,Passive,5.71,20.939,0.273,53.171,1,0,1,0,0.5329,0,0.5329,131431
^GDAXI,Equities,SMA1M: 30 SMA,Active,-2.849,19.397,-0.147,60.757,245,1.18,2652,1732,0.323,0.1853,0.5083,30235
^GDAXI,Equities,SMA1M: 30 SMA,Passive,5.71,20.939,0.273,53.171,1,0,1,0,0.5329,0,0.5329,131431
^GDAXI,Equities,SMA1M: 40 EMA,Active,-1.375,19.435,-0.071,62.976,210,1.01,2744,1632,0.3356,0.1755,0.5111,39311
^GDAXI,Equities,SMA1M: 40 EMA,Passive,5.783,20.521,0.282,52.216,1,0,1,0,0.533,0,0.533,132718
^GDAXI,Equities,SMA1M: 40 SMA,Active,-3.296,19.409,-0.17,65.002,216,1.04,2725,1651,0.3324,0.1766,0.509,27937
^GDAXI,Equities,SMA1M: 40 SMA,Passive,5.783,20.521,0.282,52.216,1,0,1,0,0.533,0,0.533,132718
^GDAXI,Equities,SMA1M: 50 EMA,Active,-1.289,19.492,-0.066,66.757,194,0.94,2783,1582,0.3417,0.1708,0.5125,39932
^GDAXI,Equities,SMA1M: 50 EMA,Passive,5.931,20.302,0.292,51.743,1,0,1,0,0.5333,0,0.5333,135674
^GDAXI,Equities,SMA1M: 50 SMA,Active,-3.824,18.031,-0.212,74.818,184,0.89,2746,1619,0.3355,0.1731,0.5086,25445
^GDAXI,Equities,SMA1M: 50 SMA,Passive,5.931,20.302,0.292,51.743,1,0,1,0,0.5333,0,0.5333,135674
^GDAXI,Equities,SMA1M: 60 EMA,Active,-2.482,19.465,-0.128,68.194,179,0.86,2801,1555,0.3429,0.1671,0.51,32382
^GDAXI,Equities,SMA1M: 60 EMA,Passive,5.751,20.677,0.278,52.125,1,0,1,0,0.5329,0,0.5329,131448
^GDAXI,Equities,SMA1M: 60 SMA,Active,-2.47,19.477,-0.127,66.822,161,0.78,2778,1578,0.3392,0.1687,0.5079,32451
^GDAXI,Equities,SMA1M: 60 SMA,Passive,5.751,20.677,0.278,52.125,1,0,1,0,0.5329,0,0.5329,131448
^GDAXI,Equities,SMA1M: 70 EMA,Active,-2.225,19.457,-0.114,68.28,169,0.82,2813,1533,0.3451,0.1656,0.5107,33917
^GDAXI,Equities,SMA1M: 70 EMA,Passive,5.816,20.868,0.279,50.787,1,0,1,0,0.5326,0,0.5326,132542
^GDAXI,Equities,SMA1M: 70 SMA,Active,-3.775,18.422,-0.205,72.48,153,0.74,2794,1552,0.3416,0.1666,0.5082,25746
^GDAXI,Equities,SMA1M: 70 SMA,Passive,5.816,20.868,0.279,50.787,1,0,1,0,0.5326,0,0.5326,132542
^GDAXI,Equities,SMA1M: 80 EMA,Active,-1.604,19.717,-0.081,67.413,155,0.75,2830,1506,0.3489,0.1639,0.5128,37856
^GDAXI,Equities,SMA1M: 80 EMA,Passive,5.777,20.898,0.276,50.423,1,0,1,0,0.5324,0,0.5324,131426
^GDAXI,Equities,SMA1M: 80 SMA,Active,-2.744,19.178,-0.143,66.119,149,0.72,2778,1558,0.3408,0.1679,0.5086,30980
^GDAXI,Equities,SMA1M: 80 SMA,Passive,5.777,20.898,0.276,50.423,1,0,1,0,0.5324,0,0.5324,131426
^GDAXI,Equities,SMA1M: 90 EMA,Active,-4.38,18.39,-0.238,75.587,161,0.79,2840,1486,0.3497,0.1613,0.511,23178
^GDAXI,Equities,SMA1M: 90 EMA,Passive,5.792,20.888,0.277,49.638,1,0,1,0,0.532,0,0.532,131437
^GDAXI,Equities,SMA1M: 90 SMA,Active,-1.167,19.506,-0.06,62.417,129,0.63,2798,1528,0.345,0.1664,0.5114,40876
^GDAXI,Equities,SMA1M: 90 SMA,Passive,5.792,20.888,0.277,49.638,1,0,1,0,0.532,0,0.532,131437
^GDAXI,Equities,SMA1M: 100 EMA,Active,-4.253,18.347,-0.232,72.07,155,0.76,2855,1460,0.3507,0.1577,0.5085,23754
^GDAXI,Equities,SMA1M: 100 EMA,Passive,4.966,20.271,0.245,50.897,1,0,1,0,0.5316,0,0.5316,114668
^GDAXI,Equities,SMA1M: 100 SMA,Active,-1.027,19.404,-0.053,62.738,117,0.57,2800,1515,0.3463,0.1661,0.5124,41900
^GDAXI,Equities,SMA1M: 100 SMA,Passive,4.966,20.271,0.245,50.897,1,0,1,0,0.5316,0,0.5316,114668
^N100,Equities,SMA1M: 10 EMA,Active,-2.707,19.878,-0.136,67.279,408,1.95,2675,1765,0.3197,0.1871,0.5068,30828
^N100,Equities,SMA1M: 10 EMA,Passive,2.673,20.027,0.133,58.809,1,0,1,0,0.5299,0,0.5299,79593
^N100,Equities,SMA1M: 10 SMA,Active,-3.989,19.848,-0.201,71.88,402,1.92,2636,1804,0.3138,0.19,0.5038,24401
^N100,Equities,SMA1M: 10 SMA,Passive,2.673,20.027,0.133,58.809,1,0,1,0,0.5299,0,0.5299,79593
^N100,Equities,SMA1M: 20 EMA,Active,-3.556,19.849,-0.179,68.717,307,1.47,2717,1714,0.324,0.1807,0.5047,26451
^N100,Equities,SMA1M: 20 EMA,Passive,2.701,20.037,0.135,58.831,1,0,1,0,0.5302,0,0.5302,79885
^N100,Equities,SMA1M: 20 SMA,Active,-5.066,19.807,-0.256,74.939,301,1.44,2641,1790,0.3143,0.1882,0.5025,20042
^N100,Equities,SMA1M: 20 SMA,Passive,2.701,20.037,0.135,58.831,1,0,1,0,0.5302,0,0.5302,79885
^N100,Equities,SMA1M: 30 EMA,Active,-4.301,19.882,-0.216,69.2,259,1.25,2660,1761,0.3168,0.1857,0.5025,23122
^N100,Equities,SMA1M: 30 EMA,Passive,2.583,20.055,0.129,58.758,1,0,1,0,0.5299,0,0.5299,78210
^N100,Equities,SMA1M: 30 SMA,Active,-5.232,19.852,-0.264,73.389,247,1.19,2627,1794,0.3132,0.1895,0.5027,19476
^N100,Equities,SMA1M: 30 SMA,Passive,2.583,20.055,0.129,58.758,1,0,1,0,0.5299,0,0.5299,78210
^N100,Equities,SMA1M: 40 EMA,Active,-4.678,19.868,-0.235,74.892,240,1.15,2688,1723,0.3216,0.1825,0.5041,21614
^N100,Equities,SMA1M: 40 EMA,Passive,2.782,20.063,0.139,58.675,1,0,1,0,0.5297,0,0.5297,80824
^N100,Equities,SMA1M: 40 SMA,Active,-3.717,19.891,-0.187,69.066,214,1.03,2645,1766,0.3162,0.1868,0.5029,25763
^N100,Equities,SMA1M: 40 SMA,Passive,2.782,20.063,0.139,58.675,1,0,1,0,0.5297,0,0.5297,80824
^N100,Equities,SMA1M: 50 EMA,Active,-5.586,19.868,-0.281,81.054,220,1.06,2713,1687,0.3235,0.177,0.5005,18324
^N100,Equities,SMA1M: 50 EMA,Passive,2.939,20.076,0.146,58.958,1,0,1,0,0.53,0,0.53,82920
^N100,Equities,SMA1M: 50 SMA,Active,-7.372,19.778,-0.373,86.093,212,1.02,2645,1755,0.3133,0.1822,0.4955,13127
^N100,Equities,SMA1M: 50 SMA,Passive,2.939,20.076,0.146,58.958,1,0,1,0,0.53,0,0.53,82920
^N100,Equities,SMA1M: 60 EMA,Active,-3.026,19.928,-0.152,74.982,191,0.92,2727,1664,0.3276,0.1771,0.5048,29270
^N100,Equities,SMA1M: 60 EMA,Passive,2.682,20.075,0.134,58.67,1,0,1,0,0.5296,0,0.5296,79300
^N100,Equities,SMA1M: 60 SMA,Active,-6.473,19.822,-0.327,83.617,199,0.96,2683,1708,0.3176,0.1771,0.4948,15581
^N100,Equities,SMA1M: 60 SMA,Passive,2.682,20.075,0.134,58.67,1,0,1,0,0.5296,0,0.5296,79300
^N100,Equities,SMA1M: 70 EMA,Active,-3.61,19.925,-0.181,76.482,183,0.89,2745,1636,0.3302,0.1746,0.5048,26387
^N100,Equities,SMA1M: 70 EMA,Passive,2.473,20.093,0.123,58.681,1,0,1,0,0.5294,0,0.5294,76463
^N100,Equities,SMA1M: 70 SMA,Active,-4.851,19.91,-0.244,79.918,173,0.84,2704,1677,0.3218,0.1755,0.4973,21062
^N100,Equities,SMA1M: 70 SMA,Passive,2.473,20.093,0.123,58.681,1,0,1,0,0.5294,0,0.5294,76463
^N100,Equities,SMA1M: 80 EMA,Active,-2.878,19.947,-0.144,70.247,159,0.77,2763,1608,0.3344,0.1727,0.5071,30127
^N100,Equities,SMA1M: 80 EMA,Passive,2.36,20.098,0.117,58.751,1,0,1,0,0.5297,0,0.5297,74935
^N100,Equities,SMA1M: 80 SMA,Active,-4.142,19.934,-0.208,75.764,163,0.79,2713,1658,0.325,0.1747,0.4998,24006
^N100,Equities,SMA1M: 80 SMA,Passive,2.36,20.098,0.117,58.751,1,0,1,0,0.5297,0,0.5297,74935
^N100,Equities,SMA1M: 90 EMA,Active,-4.066,19.948,-0.204,75.831,159,0.78,2772,1589,0.3356,0.1708,0.5064,24377
^N100,Equities,SMA1M: 90 EMA,Passive,2.25,20.12,0.112,58.862,1,0,1,0,0.5293,0,0.5293,73481
^N100,Equities,SMA1M: 90 SMA,Active,-4.209,19.96,-0.211,75.128,165,0.8,2726,1635,0.3281,0.1738,0.5018,23757
^N100,Equities,SMA1M: 90 SMA,Passive,2.25,20.12,0.112,58.862,1,0,1,0,0.5293,0,0.5293,73481
^N100,Equities,SMA1M: 100 EMA,Active,-4.159,19.97,-0.208,75.81,151,0.74,2789,1560,0.338,0.1677,0.5057,24014
^N100,Equities,SMA1M: 100 EMA,Passive,2.233,20.123,0.111,58.676,1,0,1,0,0.5292,0,0.5292,73212
^N100,Equities,SMA1M: 100 SMA,Active,-3.657,19.986,-0.183,69.513,147,0.72,2741,1608,0.3325,0.1733,0.5057,26280
^N100,Equities,SMA1M: 100 SMA,Passive,2.233,20.123,0.111,58.676,1,0,1,0,0.5292,0,0.5292,73212
EPOL,Equities,SMA1M: 10 EMA,Active,9.41,28.409,0.331,50.583,310,1.85,1849,1667,0.2693,0.2289,0.4982,175344
EPOL,Equities,SMA1M: 10 EMA,Passive,0.503,28.612,0.018,71.565,1,0,1,0,0.5087,0,0.5087,53623
EPOL,Equities,SMA1M: 10 SMA,Active,3.572,28.426,0.126,72.009,314,1.87,1851,1665,0.2673,0.2266,0.4939,81594
EPOL,Equities,SMA1M: 10 SMA,Passive,0.503,28.612,0.018,71.565,1,0,1,0,0.5087,0,0.5087,53623
EPOL,Equities,SMA1M: 20 EMA,Active,4.158,28.37,0.147,56.156,234,1.39,1832,1673,0.2655,0.2284,0.4939,88130
EPOL,Equities,SMA1M: 20 EMA,Passive,0.342,28.605,0.012,71.568,1,0,1,0,0.5093,0,0.5093,52430
EPOL,Equities,SMA1M: 20 SMA,Active,3.044,28.371,0.107,64.067,230,1.37,1801,1704,0.2583,0.2298,0.4882,75889
EPOL,Equities,SMA1M: 20 SMA,Passive,0.342,28.605,0.012,71.568,1,0,1,0,0.5093,0,0.5093,52430
EPOL,Equities,SMA1M: 30 EMA,Active,3,28.39,0.106,62.41,193,1.16,1823,1673,0.2634,0.2279,0.4913,75345
EPOL,Equities,SMA1M: 30 EMA,Passive,0.118,28.576,0.004,71.566,1,0,1,0,0.5087,0,0.5087,50822
EPOL,Equities,SMA1M: 30 SMA,Active,2.222,28.377,0.078,60.254,187,1.12,1826,1670,0.2611,0.2251,0.4861,67827
EPOL,Equities,SMA1M: 30 SMA,Passive,0.118,28.576,0.004,71.566,1,0,1,0,0.5087,0,0.5087,50822
EPOL,Equities,SMA1M: 40 EMA,Active,-2.019,28.371,-0.071,70.072,177,1.06,1812,1672,0.2595,0.2263,0.4858,37709
EPOL,Equities,SMA1M: 40 EMA,Passive,-0.597,28.546,-0.021,71.566,1,0,1,0,0.5079,0,0.5079,46024
EPOL,Equities,SMA1M: 40 SMA,Active,2.08,28.374,0.073,56.614,161,0.96,1794,1690,0.259,0.2309,0.4898,66477
EPOL,Equities,SMA1M: 40 SMA,Passive,-0.597,28.546,-0.021,71.566,1,0,1,0,0.5079,0,0.5079,46024
EPOL,Equities,SMA1M: 50 EMA,Active,-2.162,28.346,-0.076,70.483,157,0.95,1817,1657,0.2632,0.2275,0.4907,36985
EPOL,Equities,SMA1M: 50 EMA,Passive,-0.892,28.563,-0.031,71.573,1,0,1,0,0.5079,0,0.5079,44185
EPOL,Equities,SMA1M: 50 SMA,Active,-1.909,28.343,-0.067,64.054,155,0.93,1802,1672,0.2603,0.2295,0.4898,38325
EPOL,Equities,SMA1M: 50 SMA,Passive,-0.892,28.563,-0.031,71.573,1,0,1,0,0.5079,0,0.5079,44185
EPOL,Equities,SMA1M: 60 EMA,Active,-0.197,28.331,-0.007,67.688,139,0.84,1815,1650,0.2645,0.2276,0.4921,48661
EPOL,Equities,SMA1M: 60 EMA,Passive,-0.247,28.528,-0.009,71.568,1,0,1,0,0.5082,0,0.5082,48331
EPOL,Equities,SMA1M: 60 SMA,Active,0.005,28.348,0,66.938,129,0.78,1803,1662,0.2642,0.2307,0.495,50037
EPOL,Equities,SMA1M: 60 SMA,Passive,-0.247,28.528,-0.009,71.568,1,0,1,0,0.5082,0,0.5082,48331
EPOL,Equities,SMA1M: 70 EMA,Active,-0.172,28.303,-0.006,66.677,127,0.77,1805,1651,0.2638,0.2288,0.4926,48831
EPOL,Equities,SMA1M: 70 EMA,Passive,-0.485,28.51,-0.017,71.573,1,0,1,0,0.508,0,0.508,46778
EPOL,Equities,SMA1M: 70 SMA,Active,-3.712,28.297,-0.131,70.396,129,0.78,1782,1674,0.2601,0.232,0.492,29764
EPOL,Equities,SMA1M: 70 SMA,Passive,-0.485,28.51,-0.017,71.573,1,0,1,0,0.508,0,0.508,46778
EPOL,Equities,SMA1M: 80 EMA,Active,-0.601,28.322,-0.021,68.197,111,0.67,1792,1654,0.264,0.2315,0.4955,46046
EPOL,Equities,SMA1M: 80 EMA,Passive,-1.169,28.523,-0.041,71.572,1,0,1,0,0.5077,0,0.5077,42571
EPOL,Equities,SMA1M: 80 SMA,Active,-2.252,28.317,-0.08,74.221,113,0.68,1831,1615,0.2689,0.2257,0.4946,36620
EPOL,Equities,SMA1M: 80 SMA,Passive,-1.169,28.523,-0.041,71.572,1,0,1,0,0.5077,0,0.5077,42571
EPOL,Equities,SMA1M: 90 EMA,Active,-0.233,28.309,-0.008,70.373,103,0.63,1790,1646,0.2645,0.2313,0.4958,48435
EPOL,Equities,SMA1M: 90 EMA,Passive,-1.732,28.512,-0.061,71.559,1,0,1,0,0.5074,0,0.5074,39402
EPOL,Equities,SMA1M: 90 SMA,Active,-4.142,28.309,-0.146,74.867,111,0.68,1833,1603,0.2694,0.2237,0.4932,28085
EPOL,Equities,SMA1M: 90 SMA,Passive,-1.732,28.512,-0.061,71.559,1,0,1,0,0.5074,0,0.5074,39402
EPOL,Equities,SMA1M: 100 EMA,Active,-0.754,28.288,-0.027,72.53,103,0.63,1776,1650,0.2635,0.2329,0.4964,45111
EPOL,Equities,SMA1M: 100 EMA,Passive,-1.5,28.502,-0.053,71.561,1,0,1,0,0.5069,0,0.5069,40712
EPOL,Equities,SMA1M: 100 SMA,Active,-5.382,28.284,-0.19,79.677,107,0.65,1802,1624,0.2661,0.2282,0.4943,23569
EPOL,Equities,SMA1M: 100 SMA,Passive,-1.5,28.502,-0.053,71.561,1,0,1,0,0.5069,0,0.5069,40712
^N225,Equities,SMA1M: 10 EMA,Active,-3.632,19.424,-0.187,61.732,424,2.03,2451,1793,0.2982,0.1945,0.4927,26813
^N225,Equities,SMA1M: 10 EMA,Passive,5.242,21.987,0.238,58.196,1,0,1,0,0.5261,0,0.5261,118243
^N225,Equities,SMA1M: 10 SMA,Active,-4.01,18.269,-0.219,57.425,406,1.94,2399,1845,0.2942,0.2028,0.4969,25095
^N225,Equities,SMA1M: 10 SMA,Passive,5.242,21.987,0.238,58.196,1,0,1,0,0.5261,0,0.5261,118243
^N225,Equities,SMA1M: 20 EMA,Active,-0.4,19.672,-0.02,39.388,304,1.46,2460,1775,0.3041,0.1971,0.5012,46745
^N225,Equities,SMA1M: 20 EMA,Passive,5.255,21.954,0.239,57.475,1,0,1,0,0.526,0,0.526,118243
^N225,Equities,SMA1M: 20 SMA,Active,0.547,19.839,0.028,41.7,280,1.35,2423,1812,0.2993,0.2009,0.5002,54803
^N225,Equities,SMA1M: 20 SMA,Passive,5.255,21.954,0.239,57.475,1,0,1,0,0.526,0,0.526,118243
^N225,Equities,SMA1M: 30 EMA,Active,-0.218,20.128,-0.011,55.861,252,1.21,2457,1767,0.3045,0.1969,0.5014,48200
^N225,Equities,SMA1M: 30 EMA,Passive,5.288,21.93,0.241,56.492,1,0,1,0,0.5256,0,0.5256,118626
^N225,Equities,SMA1M: 30 SMA,Active,-3.505,19.385,-0.181,58.662,236,1.13,2441,1783,0.3012,0.1973,0.4986,27492
^N225,Equities,SMA1M: 30 SMA,Passive,5.288,21.93,0.241,56.492,1,0,1,0,0.5256,0,0.5256,118626
^N225,Equities,SMA1M: 40 EMA,Active,0.6,20.505,0.029,56.784,201,0.97,2476,1739,0.3107,0.1971,0.5078,55263
^N225,Equities,SMA1M: 40 EMA,Passive,3.329,19.6,0.17,58.862,1,0,1,0,0.5261,0,0.5261,86462
^N225,Equities,SMA1M: 40 SMA,Active,-3.508,19.199,-0.183,64.52,209,1.01,2466,1749,0.3081,0.1966,0.5047,27515
^N225,Equities,SMA1M: 40 SMA,Passive,3.329,19.6,0.17,58.862,1,0,1,0,0.5261,0,0.5261,86462
^N225,Equities,SMA1M: 50 EMA,Active,-0.32,20.411,-0.016,56.232,182,0.88,2469,1736,0.3115,0.1985,0.51,47398
^N225,Equities,SMA1M: 50 EMA,Passive,5.314,21.464,0.248,58.068,1,0,1,0,0.5259,0,0.5259,118621
^N225,Equities,SMA1M: 50 SMA,Active,-3.924,19.449,-0.202,72.99,196,0.95,2467,1738,0.3084,0.1959,0.5043,25639
^N225,Equities,SMA1M: 50 SMA,Passive,5.314,21.464,0.248,58.068,1,0,1,0,0.5259,0,0.5259,118621
^N225,Equities,SMA1M: 60 EMA,Active,-0.162,20.716,-0.008,53.587,172,0.83,2475,1718,0.3122,0.1964,0.5086,48667
^N225,Equities,SMA1M: 60 EMA,Passive,5.309,22.001,0.241,57.112,1,0,1,0,0.5255,0,0.5255,118295
^N225,Equities,SMA1M: 60 SMA,Active,0.269,20.241,0.013,46.787,154,0.75,2452,1741,0.3093,0.199,0.5083,52288
^N225,Equities,SMA1M: 60 SMA,Passive,5.309,22.001,0.241,57.112,1,0,1,0,0.5255,0,0.5255,118295
^N225,Equities,SMA1M: 70 EMA,Active,0.363,20.806,0.017,52.346,151,0.73,2470,1713,0.3132,0.1973,0.5105,53105
^N225,Equities,SMA1M: 70 EMA,Passive,5.322,21.483,0.248,57.247,1,0,1,0,0.5258,0,0.5258,118291
^N225,Equities,SMA1M: 70 SMA,Active,-0.86,20.31,-0.042,52.002,142,0.69,2442,1741,0.3089,0.1995,0.5084,43322
^N225,Equities,SMA1M: 70 SMA,Passive,5.322,21.483,0.248,57.247,1,0,1,0,0.5258,0,0.5258,118291
^N225,Equities,SMA1M: 80 EMA,Active,0.537,20.574,0.026,49.865,133,0.65,2491,1683,0.3178,0.1954,0.5132,54640
^N225,Equities,SMA1M: 80 EMA,Passive,5.353,21.505,0.249,57.155,1,0,1,0,0.5259,0,0.5259,118623
^N225,Equities,SMA1M: 80 SMA,Active,0.578,20.709,0.028,54.537,126,0.61,2467,1707,0.3139,0.1971,0.511,55014
^N225,Equities,SMA1M: 80 SMA,Passive,5.353,21.505,0.249,57.155,1,0,1,0,0.5259,0,0.5259,118623
^N225,Equities,SMA1M: 90 EMA,Active,-0.444,20.514,-0.022,58.717,141,0.69,2496,1669,0.3171,0.192,0.5091,46456
^N225,Equities,SMA1M: 90 EMA,Passive,5.366,22.084,0.243,57.11,1,0,1,0,0.5262,0,0.5262,118622
^N225,Equities,SMA1M: 90 SMA,Active,-1.098,20.297,-0.054,62.336,137,0.67,2463,1702,0.3133,0.1961,0.5094,41663
^N225,Equities,SMA1M: 90 SMA,Passive,5.366,22.084,0.243,57.11,1,0,1,0,0.5262,0,0.5262,118622
^N225,Equities,SMA1M: 100 EMA,Active,-1.407,20.546,-0.068,64.955,135,0.66,2496,1659,0.3176,0.1915,0.5091,39584
^N225,Equities,SMA1M: 100 EMA,Passive,5.362,22.058,0.243,56.38,1,0,1,0,0.5257,0,0.5257,118297
^N225,Equities,SMA1M: 100 SMA,Active,-2.668,20.178,-0.132,62.139,135,0.66,2447,1708,0.3104,0.1961,0.5065,32012
^N225,Equities,SMA1M: 100 SMA,Passive,5.362,22.058,0.243,56.38,1,0,1,0,0.5257,0,0.5257,118297
^HSI,Equities,SMA1M: 10 EMA,Active,0.069,21.295,0.003,64.472,418,2,2268,2008,0.271,0.2284,0.4994,50591
^HSI,Equities,SMA1M: 10 EMA,Passive,-0.27,19.33,-0.014,56.386,1,0,1,0,0.5123,0,0.5123,47757
^HSI,Equities,SMA1M: 10 SMA,Active,-0.862,21.007,-0.041,65.107,400,1.91,2228,2048,0.2672,0.234,0.5013,43172
^HSI,Equities,SMA1M: 10 SMA,Passive,-0.27,19.33,-0.014,56.386,1,0,1,0,0.5123,0,0.5123,47757
^HSI,Equities,SMA1M: 20 EMA,Active,-1.132,20.633,-0.055,65.633,312,1.49,2253,2013,0.2719,0.2315,0.5034,41235
^HSI,Equities,SMA1M: 20 EMA,Passive,-0.281,19.37,-0.015,56.45,1,0,1,0,0.5121,0,0.5121,47674
^HSI,Equities,SMA1M: 20 SMA,Active,0.83,21.079,0.039,53.38,278,1.33,2234,2032,0.2709,0.2351,0.506,57510
^HSI,Equities,SMA1M: 20 SMA,Passive,-0.281,19.37,-0.015,56.45,1,0,1,0,0.5121,0,0.5121,47674
^HSI,Equities,SMA1M: 30 EMA,Active,-1.227,20.077,-0.061,62.006,268,1.29,2224,2032,0.2678,0.2333,0.5011,40590
^HSI,Equities,SMA1M: 30 EMA,Passive,-0.282,19.385,-0.015,56.611,1,0,1,0,0.5121,0,0.5121,47669
^HSI,Equities,SMA1M: 30 SMA,Active,0.046,21.018,0.002,55.496,233,1.12,2215,2041,0.2666,0.2344,0.5011,50390
^HSI,Equities,SMA1M: 30 SMA,Passive,-0.282,19.385,-0.015,56.611,1,0,1,0,0.5121,0,0.5121,47669
^HSI,Equities,SMA1M: 40 EMA,Active,-0.752,20.116,-0.037,63.562,234,1.13,2191,2055,0.2647,0.2366,0.5013,44031
^HSI,Equities,SMA1M: 40 EMA,Passive,-0.291,19.421,-0.015,57.596,1,0,1,0,0.5121,0,0.5121,47603
^HSI,Equities,SMA1M: 40 SMA,Active,-0.145,20.063,-0.007,56.521,210,1.01,2187,2059,0.2637,0.2366,0.5004,48794
^HSI,Equities,SMA1M: 40 SMA,Passive,-0.291,19.421,-0.015,57.596,1,0,1,0,0.5121,0,0.5121,47603
^HSI,Equities,SMA1M: 50 EMA,Active,-0.058,20.832,-0.003,56.093,206,1,2204,2026,0.2665,0.2339,0.5004,49515
^HSI,Equities,SMA1M: 50 EMA,Passive,0.683,19.265,0.035,56.85,1,0,1,0,0.5122,0,0.5122,56064
^HSI,Equities,SMA1M: 50 SMA,Active,1.336,20.835,0.064,45.784,176,0.85,2220,2010,0.2693,0.2329,0.5022,62492
^HSI,Equities,SMA1M: 50 SMA,Passive,0.683,19.265,0.035,56.85,1,0,1,0,0.5122,0,0.5122,56064
^HSI,Equities,SMA1M: 60 EMA,Active,-3.623,19.211,-0.189,70.902,213,1.03,2219,2006,0.2669,0.2302,0.497,26927
^HSI,Equities,SMA1M: 60 EMA,Passive,-0.383,19.711,-0.019,58.158,1,0,1,0,0.5117,0,0.5117,46885
^HSI,Equities,SMA1M: 60 SMA,Active,-0.699,20.303,-0.034,56.725,181,0.87,2207,2018,0.2673,0.2335,0.5008,44451
^HSI,Equities,SMA1M: 60 SMA,Passive,-0.383,19.711,-0.019,58.158,1,0,1,0,0.5117,0,0.5117,46885
^HSI,Equities,SMA1M: 70 EMA,Active,-2.55,20.051,-0.127,67.777,191,0.93,2192,2023,0.2656,0.2343,0.4999,32456
^HSI,Equities,SMA1M: 70 EMA,Passive,-0.473,19.937,-0.024,57.506,1,0,1,0,0.5113,0,0.5113,46185
^HSI,Equities,SMA1M: 70 SMA,Active,-0.235,20.773,-0.011,51.352,171,0.83,2132,2083,0.259,0.2419,0.5008,48074
^HSI,Equities,SMA1M: 70 SMA,Passive,-0.473,19.937,-0.024,57.506,1,0,1,0,0.5113,0,0.5113,46185
^HSI,Equities,SMA1M: 80 EMA,Active,-1.582,20.825,-0.076,62.241,181,0.88,2171,2035,0.265,0.2377,0.5027,38317
^HSI,Equities,SMA1M: 80 EMA,Passive,-0.405,19.795,-0.02,57.353,1,0,1,0,0.5115,0,0.5115,46726
^HSI,Equities,SMA1M: 80 SMA,Active,2.877,21.456,0.134,35.123,139,0.68,2061,2145,0.2536,0.2524,0.5061,80273
^HSI,Equities,SMA1M: 80 SMA,Passive,-0.405,19.795,-0.02,57.353,1,0,1,0,0.5115,0,0.5115,46726
^HSI,Equities,SMA1M: 90 EMA,Active,-1.239,20.756,-0.06,61.976,173,0.84,2148,2047,0.2623,0.2392,0.5015,40628
^HSI,Equities,SMA1M: 90 EMA,Passive,-0.532,20.14,-0.026,57.857,1,0,1,0,0.5113,0,0.5113,45750
^HSI,Equities,SMA1M: 90 SMA,Active,3.492,21.577,0.162,38.553,133,0.65,2038,2157,0.2511,0.2542,0.5054,88548
^HSI,Equities,SMA1M: 90 SMA,Passive,-0.532,20.14,-0.026,57.857,1,0,1,0,0.5113,0,0.5113,45750
^HSI,Equities,SMA1M: 100 EMA,Active,-0.362,21.109,-0.017,57.427,149,0.73,2138,2048,0.2625,0.2403,0.5027,47079
^HSI,Equities,SMA1M: 100 EMA,Passive,-0.387,19.762,-0.02,57.228,1,0,1,0,0.5116,0,0.5116,46883
^HSI,Equities,SMA1M: 100 SMA,Active,1.359,21.18,0.064,43.591,135,0.66,2064,2122,0.2529,0.2484,0.5013,62565
^HSI,Equities,SMA1M: 100 SMA,Passive,-0.387,19.762,-0.02,57.228,1,0,1,0,0.5116,0,0.5116,46883
000001.SS,Equities,SMA1M: 10 EMA,Active,7.616,23.73,0.321,45.113,368,1.76,2244,1971,0.2849,0.2256,0.5104,170655
000001.SS,Equities,SMA1M: 10 EMA,Passive,0.462,23.459,0.02,70.792,1,0,1,0,0.527,0,0.527,54007
000001.SS,Equities,SMA1M: 10 SMA,Active,4.923,23.675,0.208,53.765,382,1.83,2265,1950,0.287,0.2227,0.5097,111696
000001.SS,Equities,SMA1M: 10 SMA,Passive,0.462,23.459,0.02,70.792,1,0,1,0,0.527,0,0.527,54007
000001.SS,Equities,SMA1M: 20 EMA,Active,6.739,23.644,0.285,62.394,273,1.31,2222,1983,0.287,0.2313,0.5183,148457
000001.SS,Equities,SMA1M: 20 EMA,Passive,0.823,23.404,0.035,70.994,1,0,1,0,0.5269,0,0.5269,57324
000001.SS,Equities,SMA1M: 20 SMA,Active,6.68,23.667,0.282,54.283,263,1.26,2219,1986,0.2863,0.2313,0.5176,147085
000001.SS,Equities,SMA1M: 20 SMA,Passive,0.823,23.404,0.035,70.994,1,0,1,0,0.5269,0,0.5269,57324
000001.SS,Equities,SMA1M: 30 EMA,Active,10.076,23.726,0.425,55.247,212,1.02,2187,2008,0.286,0.2383,0.5243,247191
000001.SS,Equities,SMA1M: 30 EMA,Passive,0.088,23.351,0.004,70.784,1,0,1,0,0.5265,0,0.5265,50739
000001.SS,Equities,SMA1M: 30 SMA,Active,6.002,23.676,0.254,60.732,214,1.03,2167,2028,0.2822,0.2393,0.5214,131945
000001.SS,Equities,SMA1M: 30 SMA,Passive,0.088,23.351,0.004,70.784,1,0,1,0,0.5265,0,0.5265,50739
000001.SS,Equities,SMA1M: 40 EMA,Active,9.605,23.604,0.407,55.926,198,0.96,2119,2066,0.2766,0.2444,0.521,229324
000001.SS,Equities,SMA1M: 40 EMA,Passive,0.088,23.238,0.004,71.114,1,0,1,0,0.526,0,0.526,50740
000001.SS,Equities,SMA1M: 40 SMA,Active,8.944,23.582,0.379,54.39,175,0.85,2098,2087,0.274,0.247,0.521,207402
000001.SS,Equities,SMA1M: 40 SMA,Passive,0.088,23.238,0.004,71.114,1,0,1,0,0.526,0,0.526,50740
000001.SS,Equities,SMA1M: 50 EMA,Active,3.706,23.545,0.157,68.167,197,0.95,2117,2058,0.2732,0.2411,0.5144,91365
000001.SS,Equities,SMA1M: 50 EMA,Passive,0.086,23.204,0.004,70.731,1,0,1,0,0.5254,0,0.5254,50717
000001.SS,Equities,SMA1M: 50 SMA,Active,9.84,23.552,0.418,52.381,145,0.7,2052,2123,0.2687,0.2522,0.5208,236722
000001.SS,Equities,SMA1M: 50 SMA,Passive,0.086,23.204,0.004,70.731,1,0,1,0,0.5254,0,0.5254,50717
000001.SS,Equities,SMA1M: 60 EMA,Active,5.954,23.536,0.253,54.017,165,0.8,2043,2122,0.2655,0.2508,0.5163,130053
000001.SS,Equities,SMA1M: 60 EMA,Passive,-0.599,23.063,-0.026,71.176,1,0,1,0,0.5245,0,0.5245,45272
000001.SS,Equities,SMA1M: 60 SMA,Active,6.639,23.56,0.282,54.894,143,0.69,2046,2119,0.2657,0.2504,0.5161,144675
000001.SS,Equities,SMA1M: 60 SMA,Passive,-0.599,23.063,-0.026,71.176,1,0,1,0,0.5245,0,0.5245,45272
000001.SS,Equities,SMA1M: 70 EMA,Active,3.152,23.457,0.134,58.678,165,0.8,2032,2123,0.2628,0.2502,0.513,83410
000001.SS,Equities,SMA1M: 70 EMA,Passive,-1.078,22.969,-0.047,71.026,1,0,1,0,0.5238,0,0.5238,41820
000001.SS,Equities,SMA1M: 70 SMA,Active,6.068,23.487,0.258,55.5,129,0.63,2041,2114,0.2642,0.2495,0.5137,132073
000001.SS,Equities,SMA1M: 70 SMA,Passive,-1.078,22.969,-0.047,71.026,1,0,1,0,0.5238,0,0.5238,41820
000001.SS,Equities,SMA1M: 80 EMA,Active,1.273,23.373,0.054,62.184,145,0.71,2002,2143,0.2586,0.2528,0.5113,61561
000001.SS,Equities,SMA1M: 80 EMA,Passive,-1.522,22.887,-0.067,70.331,1,0,1,0,0.5229,0,0.5229,38849
000001.SS,Equities,SMA1M: 80 SMA,Active,5.652,23.506,0.24,58.036,125,0.61,2030,2115,0.2629,0.2504,0.5133,123512
000001.SS,Equities,SMA1M: 80 SMA,Passive,-1.522,22.887,-0.067,70.331,1,0,1,0,0.5229,0,0.5229,38849
000001.SS,Equities,SMA1M: 90 EMA,Active,2.177,23.392,0.093,59.905,129,0.63,1977,2158,0.2565,0.256,0.5126,71196
000001.SS,Equities,SMA1M: 90 EMA,Passive,-2.045,22.837,-0.09,71.127,1,0,1,0,0.5227,0,0.5227,35621
000001.SS,Equities,SMA1M: 90 SMA,Active,4.905,23.459,0.209,53.783,111,0.54,2051,2084,0.2657,0.2473,0.5131,109695
000001.SS,Equities,SMA1M: 90 SMA,Passive,-2.045,22.837,-0.09,71.127,1,0,1,0,0.5227,0,0.5227,35621
000001.SS,Equities,SMA1M: 100 EMA,Active,1.718,23.257,0.074,61.056,127,0.62,1972,2153,0.2555,0.2555,0.5109,66081
000001.SS,Equities,SMA1M: 100 EMA,Passive,-1.531,22.72,-0.067,70.739,1,0,1,0,0.5223,0,0.5223,38842
000001.SS,Equities,SMA1M: 100 SMA,Active,4.751,23.318,0.204,56.631,105,0.51,2051,2074,0.2668,0.2477,0.5145,106896
000001.SS,Equities,SMA1M: 100 SMA,Passive,-1.531,22.72,-0.067,70.739,1,0,1,0,0.5223,0,0.5223,38842
AGG,Fixed Income,SMA1M: 10 EMA,Active,-2.255,5.517,-0.409,39.528,451,2.16,2359,2011,0.2674,0.2047,0.4721,33666
AGG,Fixed Income,SMA1M: 10 EMA,Passive,-0.175,5.544,-0.032,23.33,1,0,1,0,0.5165,0,0.5165,48500
AGG,Fixed Income,SMA1M: 10 SMA,Active,-2.201,5.518,-0.399,37.996,439,2.1,2354,2016,0.2658,0.2043,0.47,33985
AGG,Fixed Income,SMA1M: 10 SMA,Passive,-0.175,5.544,-0.032,23.33,1,0,1,0,0.5165,0,0.5165,48500
AGG,Fixed Income,SMA1M: 20 EMA,Active,-1.611,5.526,-0.292,31.058,316,1.52,2358,2002,0.273,0.2095,0.4826,37747
AGG,Fixed Income,SMA1M: 20 EMA,Passive,-0.152,5.549,-0.027,23.329,1,0,1,0,0.517,0,0.517,48705
AGG,Fixed Income,SMA1M: 20 SMA,Active,-1.77,5.525,-0.32,32.725,316,1.52,2353,2007,0.2701,0.2077,0.4778,36704
AGG,Fixed Income,SMA1M: 20 SMA,Passive,-0.152,5.549,-0.027,23.329,1,0,1,0,0.517,0,0.517,48705
AGG,Fixed Income,SMA1M: 30 EMA,Active,-1.412,5.531,-0.255,25.868,278,1.34,2354,1997,0.2755,0.2114,0.4869,39112
AGG,Fixed Income,SMA1M: 30 EMA,Passive,-0.198,5.554,-0.036,23.33,1,0,1,0,0.5165,0,0.5165,48317
AGG,Fixed Income,SMA1M: 30 SMA,Active,-1.801,5.53,-0.326,31.039,279,1.34,2336,2015,0.2686,0.2096,0.4782,36531
AGG,Fixed Income,SMA1M: 30 SMA,Passive,-0.198,5.554,-0.036,23.33,1,0,1,0,0.5165,0,0.5165,48317
AGG,Fixed Income,SMA1M: 40 EMA,Active,-1.101,5.535,-0.199,26.848,248,1.2,2328,2012,0.2711,0.2117,0.4827,41322
AGG,Fixed Income,SMA1M: 40 EMA,Passive,-0.22,5.558,-0.04,23.324,1,0,1,0,0.5164,0,0.5164,48139
AGG,Fixed Income,SMA1M: 40 SMA,Active,-0.791,5.534,-0.143,24.911,247,1.19,2358,1982,0.2731,0.2073,0.4804,43606
AGG,Fixed Income,SMA1M: 40 SMA,Passive,-0.22,5.558,-0.04,23.324,1,0,1,0,0.5164,0,0.5164,48139
AGG,Fixed Income,SMA1M: 50 EMA,Active,-1.094,5.54,-0.197,25.437,222,1.07,2342,1989,0.274,0.2098,0.4838,41387
AGG,Fixed Income,SMA1M: 50 EMA,Passive,-0.215,5.563,-0.039,23.329,1,0,1,0,0.5166,0,0.5166,48185
AGG,Fixed Income,SMA1M: 50 SMA,Active,-0.071,5.54,-0.013,19.307,204,0.99,2361,1970,0.2793,0.2108,0.4901,49392
AGG,Fixed Income,SMA1M: 50 SMA,Passive,-0.215,5.563,-0.039,23.329,1,0,1,0,0.5166,0,0.5166,48185
AGG,Fixed Income,SMA1M: 60 EMA,Active,-1.069,5.546,-0.193,23.141,197,0.96,2360,1961,0.2797,0.2096,0.4894,41584
AGG,Fixed Income,SMA1M: 60 EMA,Passive,-0.188,5.568,-0.034,23.329,1,0,1,0,0.5169,0,0.5169,48414
AGG,Fixed Income,SMA1M: 60 SMA,Active,0.113,5.546,0.02,19.017,159,0.77,2357,1964,0.2816,0.2129,0.4944,50975
AGG,Fixed Income,SMA1M: 60 SMA,Passive,-0.188,5.568,-0.034,23.329,1,0,1,0,0.5169,0,0.5169,48414
AGG,Fixed Income,SMA1M: 70 EMA,Active,-0.81,5.551,-0.146,20.966,176,0.85,2388,1923,0.2859,0.2087,0.4947,43505
AGG,Fixed Income,SMA1M: 70 EMA,Passive,-0.192,5.572,-0.034,23.334,1,0,1,0,0.5172,0,0.5172,48385
AGG,Fixed Income,SMA1M: 70 SMA,Active,0.687,5.551,0.124,20.401,134,0.65,2359,1952,0.2864,0.2154,0.5019,56213
AGG,Fixed Income,SMA1M: 70 SMA,Passive,-0.192,5.572,-0.034,23.334,1,0,1,0,0.5172,0,0.5172,48385
AGG,Fixed Income,SMA1M: 80 EMA,Active,-0.275,5.555,-0.05,22.131,153,0.75,2391,1909,0.2892,0.2097,0.4988,47708
AGG,Fixed Income,SMA1M: 80 EMA,Passive,-0.189,5.576,-0.034,23.329,1,0,1,0,0.517,0,0.517,48414
AGG,Fixed Income,SMA1M: 80 SMA,Active,0.148,5.555,0.027,20.796,129,0.63,2334,1966,0.2838,0.2171,0.5009,51279
AGG,Fixed Income,SMA1M: 80 SMA,Passive,-0.189,5.576,-0.034,23.329,1,0,1,0,0.517,0,0.517,48414
AGG,Fixed Income,SMA1M: 90 EMA,Active,-0.267,5.56,-0.048,21.9,139,0.68,2388,1902,0.2891,0.209,0.4981,47776
AGG,Fixed Income,SMA1M: 90 EMA,Passive,-0.181,5.583,-0.032,23.334,1,0,1,0,0.517,0,0.517,48479
AGG,Fixed Income,SMA1M: 90 SMA,Active,0.118,5.561,0.021,20.24,119,0.58,2349,1941,0.2861,0.2148,0.5009,51010
AGG,Fixed Income,SMA1M: 90 SMA,Passive,-0.181,5.583,-0.032,23.334,1,0,1,0,0.517,0,0.517,48479
AGG,Fixed Income,SMA1M: 100 EMA,Active,0.048,5.566,0.009,20.171,125,0.61,2397,1884,0.2917,0.2081,0.4998,50411
AGG,Fixed Income,SMA1M: 100 EMA,Passive,-0.153,5.589,-0.027,23.323,1,0,1,0,0.5175,0,0.5175,48717
AGG,Fixed Income,SMA1M: 100 SMA,Active,0.367,5.567,0.066,18.687,117,0.57,2358,1923,0.2882,0.2132,0.5014,53207
AGG,Fixed Income,SMA1M: 100 SMA,Passive,-0.153,5.589,-0.027,23.323,1,0,1,0,0.5175,0,0.5175,48717
GC=F,Commodities,SMA1M: 10 EMA,Active,-1.056,17.256,-0.061,52.661,404,1.93,2340,2030,0.2841,0.2226,0.5067,41593
GC=F,Commodities,SMA1M: 10 EMA,Passive,7.778,17.458,0.446,43.625,1,0,1,0,0.5239,0,0.5239,183279
GC=F,Commodities,SMA1M: 10 SMA,Active,-1.875,17.241,-0.109,56.85,408,1.95,2343,2027,0.2846,0.2224,0.507,36009
GC=F,Commodities,SMA1M: 10 SMA,Passive,7.778,17.458,0.446,43.625,1,0,1,0,0.5239,0,0.5239,183279
GC=F,Commodities,SMA1M: 20 EMA,Active,-2.399,17.249,-0.139,52.499,312,1.5,2365,1994,0.2878,0.2194,0.5072,32846
GC=F,Commodities,SMA1M: 20 EMA,Passive,7.538,17.466,0.432,43.628,1,0,1,0,0.5237,0,0.5237,175813
GC=F,Commodities,SMA1M: 20 SMA,Active,-0.74,17.333,-0.043,49.097,290,1.39,2364,1995,0.2878,0.2197,0.5075,43974
GC=F,Commodities,SMA1M: 20 SMA,Passive,7.538,17.466,0.432,43.628,1,0,1,0,0.5237,0,0.5237,175813
GC=F,Commodities,SMA1M: 30 EMA,Active,-4.659,17.196,-0.271,69.133,284,1.37,2389,1961,0.2882,0.2137,0.502,21944
GC=F,Commodities,SMA1M: 30 EMA,Passive,7.453,17.473,0.427,43.675,1,0,1,0,0.5233,0,0.5233,172934
GC=F,Commodities,SMA1M: 30 SMA,Active,-5.024,17.223,-0.292,68.704,256,1.23,2330,2020,0.2806,0.2193,0.4999,20536
GC=F,Commodities,SMA1M: 30 SMA,Passive,7.453,17.473,0.427,43.675,1,0,1,0,0.5233,0,0.5233,172934
GC=F,Commodities,SMA1M: 40 EMA,Active,-5.349,17.148,-0.312,76.042,242,1.17,2399,1941,0.2926,0.2142,0.5068,19399
GC=F,Commodities,SMA1M: 40 EMA,Passive,7.716,17.449,0.442,43.723,1,0,1,0,0.5236,0,0.5236,179839
GC=F,Commodities,SMA1M: 40 SMA,Active,-4.389,17.16,-0.256,74.968,215,1.04,2352,1988,0.2873,0.2193,0.5066,23082
GC=F,Commodities,SMA1M: 40 SMA,Passive,7.716,17.449,0.442,43.723,1,0,1,0,0.5236,0,0.5236,179839
GC=F,Commodities,SMA1M: 50 EMA,Active,-5.224,17.16,-0.304,78.09,217,1.05,2436,1894,0.2981,0.2101,0.5082,19888
GC=F,Commodities,SMA1M: 50 EMA,Passive,7.609,17.449,0.436,43.646,1,0,1,0,0.5239,0,0.5239,176292
GC=F,Commodities,SMA1M: 50 SMA,Active,-5.339,17.162,-0.311,78.747,193,0.93,2349,1981,0.2882,0.22,0.5082,19476
GC=F,Commodities,SMA1M: 50 SMA,Passive,7.609,17.449,0.436,43.646,1,0,1,0,0.5239,0,0.5239,176292
GC=F,Commodities,SMA1M: 60 EMA,Active,-5.318,17.192,-0.309,76.49,205,0.99,2462,1858,0.3018,0.2069,0.5087,19595
GC=F,Commodities,SMA1M: 60 EMA,Passive,7.511,17.461,0.43,43.664,1,0,1,0,0.5235,0,0.5235,173058
GC=F,Commodities,SMA1M: 60 SMA,Active,-5.106,17.215,-0.297,74.684,177,0.86,2363,1957,0.2895,0.2178,0.5073,20361
GC=F,Commodities,SMA1M: 60 SMA,Passive,7.511,17.461,0.43,43.664,1,0,1,0,0.5235,0,0.5235,173058
GC=F,Commodities,SMA1M: 70 EMA,Active,-3.333,17.288,-0.193,66.372,183,0.89,2504,1805,0.3104,0.2046,0.515,28001
GC=F,Commodities,SMA1M: 70 EMA,Passive,7.275,17.469,0.416,43.671,1,0,1,0,0.5231,0,0.5231,166197
GC=F,Commodities,SMA1M: 70 SMA,Active,-4.143,17.253,-0.24,68.864,157,0.76,2416,1893,0.2988,0.2136,0.5124,24246
GC=F,Commodities,SMA1M: 70 SMA,Passive,7.275,17.469,0.416,43.671,1,0,1,0,0.5231,0,0.5231,166197
GC=F,Commodities,SMA1M: 80 EMA,Active,-2.827,17.311,-0.163,60.095,179,0.87,2534,1764,0.3155,0.2009,0.5164,30649
GC=F,Commodities,SMA1M: 80 EMA,Passive,7.385,17.483,0.422,43.69,1,0,1,0,0.5234,0,0.5234,168657
GC=F,Commodities,SMA1M: 80 SMA,Active,-3.346,17.259,-0.194,65.189,149,0.72,2457,1841,0.3074,0.2106,0.518,27977
GC=F,Commodities,SMA1M: 80 SMA,Passive,7.385,17.483,0.422,43.69,1,0,1,0,0.5234,0,0.5234,168657
GC=F,Commodities,SMA1M: 90 EMA,Active,-3.505,17.316,-0.202,63.212,171,0.83,2555,1735,0.3179,0.1976,0.5155,27237
GC=F,Commodities,SMA1M: 90 EMA,Passive,7.563,17.492,0.432,43.682,1,0,1,0,0.5234,0,0.5234,172984
GC=F,Commodities,SMA1M: 90 SMA,Active,-3.216,17.262,-0.186,65.29,153,0.75,2501,1789,0.3118,0.2039,0.5157,28659
GC=F,Commodities,SMA1M: 90 SMA,Passive,7.563,17.492,0.432,43.682,1,0,1,0,0.5234,0,0.5234,172984
GC=F,Commodities,SMA1M: 100 EMA,Active,-1.471,17.355,-0.085,52.837,152,0.74,2581,1699,0.3238,0.196,0.5197,38877
GC=F,Commodities,SMA1M: 100 EMA,Passive,7.677,17.502,0.439,43.641,1,0,1,0,0.5235,0,0.5235,175624
GC=F,Commodities,SMA1M: 100 SMA,Active,-3.754,17.254,-0.218,67.509,138,0.67,2570,1710,0.3224,0.1969,0.5193,26106
GC=F,Commodities,SMA1M: 100 SMA,Passive,7.677,17.502,0.439,43.641,1,0,1,0,0.5235,0,0.5235,175624
BZ=F,Commodities,SMA1M: 10 EMA,Active,-1.319,38.358,-0.034,78.494,393,1.95,2325,1843,0.2894,0.2158,0.5053,40141
BZ=F,Commodities,SMA1M: 10 EMA,Passive,1.257,38.678,0.032,86.028,1,0,1,0,0.512,0,0.512,61478
BZ=F,Commodities,SMA1M: 10 SMA,Active,-4.305,38.522,-0.112,79.981,397,1.97,2324,1844,0.2885,0.2146,0.5031,24145
BZ=F,Commodities,SMA1M: 10 SMA,Passive,1.257,38.678,0.032,86.028,1,0,1,0,0.512,0,0.512,61478
BZ=F,Commodities,SMA1M: 20 EMA,Active,-3.514,38.479,-0.091,77.047,292,1.45,2362,1797,0.2947,0.2118,0.5065,27706
BZ=F,Commodities,SMA1M: 20 EMA,Passive,1.259,38.708,0.033,86.019,1,0,1,0,0.5115,0,0.5115,61469
BZ=F,Commodities,SMA1M: 20 SMA,Active,-1.804,38.467,-0.047,80.871,274,1.36,2341,1818,0.2916,0.2144,0.506,37027
BZ=F,Commodities,SMA1M: 20 SMA,Passive,1.259,38.708,0.033,86.019,1,0,1,0,0.5115,0,0.5115,61469
BZ=F,Commodities,SMA1M: 30 EMA,Active,-2.63,38.515,-0.068,82.018,236,1.17,2300,1847,0.2884,0.2198,0.5082,32238
BZ=F,Commodities,SMA1M: 30 EMA,Passive,0.68,38.743,0.018,86.012,1,0,1,0,0.5108,0,0.5108,55900
BZ=F,Commodities,SMA1M: 30 SMA,Active,2.694,38.459,0.07,72.299,206,1.02,2316,1831,0.2913,0.219,0.5104,77461
BZ=F,Commodities,SMA1M: 30 SMA,Passive,0.68,38.743,0.018,86.012,1,0,1,0,0.5108,0,0.5108,55900
BZ=F,Commodities,SMA1M: 40 EMA,Active,4.033,38.518,0.105,72.253,202,1,2314,1825,0.292,0.2193,0.5114,95721
BZ=F,Commodities,SMA1M: 40 EMA,Passive,0.696,38.784,0.018,86.018,1,0,1,0,0.5106,0,0.5106,56034
BZ=F,Commodities,SMA1M: 40 SMA,Active,0.996,38.511,0.026,78.212,190,0.95,2316,1823,0.2908,0.2174,0.5082,58835
BZ=F,Commodities,SMA1M: 40 SMA,Passive,0.696,38.784,0.018,86.018,1,0,1,0,0.5106,0,0.5106,56034
BZ=F,Commodities,SMA1M: 50 EMA,Active,-1.616,38.554,-0.042,82.66,190,0.95,2295,1834,0.2903,0.2206,0.5109,38287
BZ=F,Commodities,SMA1M: 50 EMA,Passive,0.607,38.805,0.016,86.021,1,0,1,0,0.5111,0,0.5111,55215
BZ=F,Commodities,SMA1M: 50 SMA,Active,1.219,38.565,0.032,72.915,170,0.85,2319,1810,0.2935,0.2174,0.5109,60978
BZ=F,Commodities,SMA1M: 50 SMA,Passive,0.607,38.805,0.016,86.021,1,0,1,0,0.5111,0,0.5111,55215
BZ=F,Commodities,SMA1M: 60 EMA,Active,-3.79,38.57,-0.098,85.753,186,0.93,2302,1817,0.2905,0.2177,0.5083,26589
BZ=F,Commodities,SMA1M: 60 EMA,Passive,0.183,38.834,0.005,86.013,1,0,1,0,0.5109,0,0.5109,51518
BZ=F,Commodities,SMA1M: 60 SMA,Active,-1.123,38.595,-0.029,77.003,160,0.8,2272,1847,0.2881,0.2223,0.5104,41572
BZ=F,Commodities,SMA1M: 60 SMA,Passive,0.183,38.834,0.005,86.013,1,0,1,0,0.5109,0,0.5109,51518
BZ=F,Commodities,SMA1M: 70 EMA,Active,-5.412,38.568,-0.14,91.185,168,0.84,2293,1815,0.2905,0.2185,0.509,20181
BZ=F,Commodities,SMA1M: 70 EMA,Passive,-0.443,38.829,-0.011,86.008,1,0,1,0,0.5105,0,0.5105,46508
BZ=F,Commodities,SMA1M: 70 SMA,Active,1.51,38.583,0.039,71.889,146,0.73,2261,1847,0.2898,0.2255,0.5153,63838
BZ=F,Commodities,SMA1M: 70 SMA,Passive,-0.443,38.829,-0.011,86.008,1,0,1,0,0.5105,0,0.5105,46508
BZ=F,Commodities,SMA1M: 80 EMA,Active,-6.916,38.584,-0.179,91.211,158,0.79,2317,1782,0.2944,0.2156,0.51,15583
BZ=F,Commodities,SMA1M: 80 EMA,Passive,-0.565,38.843,-0.015,86.029,1,0,1,0,0.5105,0,0.5105,45597
BZ=F,Commodities,SMA1M: 80 SMA,Active,1.474,38.595,0.038,73.319,138,0.69,2286,1813,0.2939,0.2217,0.5156,63440
BZ=F,Commodities,SMA1M: 80 SMA,Passive,-0.565,38.843,-0.015,86.029,1,0,1,0,0.5105,0,0.5105,45597
BZ=F,Commodities,SMA1M: 90 EMA,Active,-3.302,38.612,-0.086,88.02,140,0.71,2324,1763,0.2971,0.2142,0.5112,28996
BZ=F,Commodities,SMA1M: 90 EMA,Passive,-0.25,38.866,-0.006,86.014,1,0,1,0,0.511,0,0.511,48008
BZ=F,Commodities,SMA1M: 90 SMA,Active,2.477,38.613,0.064,75.613,116,0.59,2288,1799,0.2949,0.22,0.5149,74372
BZ=F,Commodities,SMA1M: 90 SMA,Passive,-0.25,38.866,-0.006,86.014,1,0,1,0,0.511,0,0.511,48008
BZ=F,Commodities,SMA1M: 100 EMA,Active,-2.804,38.63,-0.073,86.8,132,0.67,2321,1758,0.298,0.2145,0.5125,31551
BZ=F,Commodities,SMA1M: 100 EMA,Passive,-0.302,38.884,-0.008,86.01,1,0,1,0,0.5113,0,0.5113,47613
BZ=F,Commodities,SMA1M: 100 SMA,Active,-0.562,38.644,-0.015,83.648,118,0.6,2311,1768,0.2971,0.2154,0.5125,45643
BZ=F,Commodities,SMA1M: 100 SMA,Passive,-0.302,38.884,-0.008,86.01,1,0,1,0,0.5113,0,0.5113,47613
SI=F,Commodities,SMA1M: 10 EMA,Active,-3.201,32.218,-0.099,76.898,431,2.06,2239,2130,0.2657,0.2339,0.4995,28445
SI=F,Commodities,SMA1M: 10 EMA,Passive,5.319,32.427,0.164,75.571,1,0,1,0,0.5183,0,0.5183,122800
SI=F,Commodities,SMA1M: 10 SMA,Active,-0.901,32.23,-0.028,69.615,421,2.01,2262,2107,0.2696,0.2325,0.5021,42742
SI=F,Commodities,SMA1M: 10 SMA,Passive,5.319,32.427,0.164,75.571,1,0,1,0,0.5183,0,0.5183,122800
SI=F,Commodities,SMA1M: 20 EMA,Active,-9.335,32.204,-0.29,86.255,307,1.48,2168,2190,0.2594,0.2427,0.5021,9178
SI=F,Commodities,SMA1M: 20 EMA,Passive,4.841,32.45,0.149,75.568,1,0,1,0,0.5179,0,0.5179,113263
SI=F,Commodities,SMA1M: 20 SMA,Active,-10.784,32.213,-0.335,89.298,305,1.47,2197,2161,0.2615,0.2381,0.4995,6946
SI=F,Commodities,SMA1M: 20 SMA,Passive,4.841,32.45,0.149,75.568,1,0,1,0,0.5179,0,0.5179,113263
SI=F,Commodities,SMA1M: 30 EMA,Active,-11.639,32.253,-0.361,90.765,267,1.28,2143,2206,0.2566,0.2453,0.5018,5909
SI=F,Commodities,SMA1M: 30 EMA,Passive,4.731,32.474,0.146,75.57,1,0,1,0,0.5172,0,0.5172,111018
SI=F,Commodities,SMA1M: 30 SMA,Active,-5.904,32.251,-0.183,72.662,235,1.13,2127,2222,0.2552,0.2476,0.5028,17493
SI=F,Commodities,SMA1M: 30 SMA,Passive,4.731,32.474,0.146,75.57,1,0,1,0,0.5172,0,0.5172,111018
SI=F,Commodities,SMA1M: 40 EMA,Active,-14.403,32.233,-0.447,95.411,254,1.23,2123,2216,0.2541,0.2459,0.5,3436
SI=F,Commodities,SMA1M: 40 EMA,Passive,5.268,32.445,0.162,75.573,1,0,1,0,0.5173,0,0.5173,121016
SI=F,Commodities,SMA1M: 40 SMA,Active,-8.012,32.254,-0.248,84.82,216,1.04,2074,2265,0.2498,0.2528,0.5025,11871
SI=F,Commodities,SMA1M: 40 SMA,Passive,5.268,32.445,0.162,75.573,1,0,1,0,0.5173,0,0.5173,121016
SI=F,Commodities,SMA1M: 50 EMA,Active,-12.409,32.369,-0.383,93.48,229,1.11,2107,2221,0.2531,0.2478,0.5009,5134
SI=F,Commodities,SMA1M: 50 EMA,Passive,5.147,32.468,0.159,75.573,1,0,1,0,0.5173,0,0.5173,118407
SI=F,Commodities,SMA1M: 50 SMA,Active,-5.558,32.272,-0.172,84.683,194,0.94,2047,2280,0.2469,0.2552,0.5021,18723
SI=F,Commodities,SMA1M: 50 SMA,Passive,5.147,32.468,0.159,75.573,1,0,1,0,0.5173,0,0.5173,118407
SI=F,Commodities,SMA1M: 60 EMA,Active,-14.247,32.394,-0.44,95.723,225,1.09,2103,2215,0.2532,0.2479,0.5012,3589
SI=F,Commodities,SMA1M: 60 EMA,Passive,5.029,32.495,0.155,75.575,1,0,1,0,0.5171,0,0.5171,115937
SI=F,Commodities,SMA1M: 60 SMA,Active,-4.554,32.409,-0.141,78.098,181,0.87,2062,2256,0.25,0.2539,0.5039,22493
SI=F,Commodities,SMA1M: 60 SMA,Passive,5.029,32.495,0.155,75.575,1,0,1,0,0.5171,0,0.5171,115937
SI=F,Commodities,SMA1M: 70 EMA,Active,-12.229,32.431,-0.377,93.241,207,1,2096,2210,0.255,0.2499,0.5049,5374
SI=F,Commodities,SMA1M: 70 EMA,Passive,4.749,32.525,0.146,75.57,1,0,1,0,0.5167,0,0.5167,110536
SI=F,Commodities,SMA1M: 70 SMA,Active,-5.987,32.425,-0.185,84.961,169,0.82,2105,2201,0.2568,0.2497,0.5065,17399
SI=F,Commodities,SMA1M: 70 SMA,Passive,4.749,32.525,0.146,75.57,1,0,1,0,0.5167,0,0.5167,110536
SI=F,Commodities,SMA1M: 80 EMA,Active,-13.521,32.452,-0.417,94.803,194,0.94,2104,2194,0.2565,0.2484,0.5049,4195
SI=F,Commodities,SMA1M: 80 EMA,Passive,5.028,32.544,0.154,75.571,1,0,1,0,0.5172,0,0.5172,115451
SI=F,Commodities,SMA1M: 80 SMA,Active,-7.82,32.447,-0.241,87.122,160,0.78,2126,2172,0.2584,0.2451,0.5035,12466
SI=F,Commodities,SMA1M: 80 SMA,Passive,5.028,32.544,0.154,75.571,1,0,1,0,0.5172,0,0.5172,115451
SI=F,Commodities,SMA1M: 90 EMA,Active,-13.211,32.465,-0.407,95.797,172,0.84,2126,2162,0.2613,0.2469,0.5082,4484
SI=F,Commodities,SMA1M: 90 EMA,Passive,5.181,32.57,0.159,75.568,1,0,1,0,0.5172,0,0.5172,118119
SI=F,Commodities,SMA1M: 90 SMA,Active,-6.982,32.469,-0.215,89.216,150,0.73,2141,2147,0.262,0.2441,0.5061,14587
SI=F,Commodities,SMA1M: 90 SMA,Passive,5.181,32.57,0.159,75.568,1,0,1,0,0.5172,0,0.5172,118119
SI=F,Commodities,SMA1M: 100 EMA,Active,-11.595,32.493,-0.357,93.844,158,0.77,2139,2140,0.264,0.2456,0.5096,6168
SI=F,Commodities,SMA1M: 100 EMA,Passive,5.183,32.592,0.159,75.572,1,0,1,0,0.5173,0,0.5173,117920
SI=F,Commodities,SMA1M: 100 SMA,Active,-9.283,32.504,-0.286,93.634,142,0.69,2159,2120,0.2645,0.2414,0.5058,9562
SI=F,Commodities,SMA1M: 100 SMA,Passive,5.183,32.592,0.159,75.572,1,0,1,0,0.5173,0,0.5173,117920
NG=F,Commodities,SMA1M: 10 EMA,Active,-21.318,58.026,-0.367,99.226,423,2.02,2062,2309,0.2294,0.2624,0.4918,781
NG=F,Commodities,SMA1M: 10 EMA,Passive,-2.617,56.684,-0.046,86.704,1,0,1,0,0.4925,0,0.4925,31565
NG=F,Commodities,SMA1M: 10 SMA,Active,-23.034,58.003,-0.397,99.488,412,1.97,2100,2271,0.234,0.2578,0.4918,533
NG=F,Commodities,SMA1M: 10 SMA,Passive,-2.617,56.684,-0.046,86.704,1,0,1,0,0.4925,0,0.4925,31565
NG=F,Commodities,SMA1M: 20 EMA,Active,-34.12,57.621,-0.592,99.96,335,1.61,2034,2326,0.2226,0.2609,0.4835,37
NG=F,Commodities,SMA1M: 20 EMA,Passive,-3.607,56.563,-0.064,86.705,1,0,1,0,0.4922,0,0.4922,26478
NG=F,Commodities,SMA1M: 20 SMA,Active,-24.869,56.496,-0.44,99.67,315,1.51,2077,2283,0.2299,0.2584,0.4883,355
NG=F,Commodities,SMA1M: 20 SMA,Passive,-3.607,56.563,-0.064,86.705,1,0,1,0,0.4922,0,0.4922,26478
NG=F,Commodities,SMA1M: 30 EMA,Active,-25.583,58.022,-0.441,99.787,265,1.27,2008,2343,0.2224,0.2659,0.4883,304
NG=F,Commodities,SMA1M: 30 EMA,Passive,-3.444,56.588,-0.061,86.703,1,0,1,0,0.4924,0,0.4924,27302
NG=F,Commodities,SMA1M: 30 SMA,Active,-26.67,56.634,-0.471,99.77,265,1.27,2047,2304,0.2268,0.261,0.4878,236
NG=F,Commodities,SMA1M: 30 SMA,Passive,-3.444,56.588,-0.061,86.703,1,0,1,0,0.4924,0,0.4924,27302
NG=F,Commodities,SMA1M: 40 EMA,Active,-28.195,58.027,-0.486,99.895,241,1.16,1969,2372,0.2163,0.2676,0.4839,166
NG=F,Commodities,SMA1M: 40 EMA,Passive,-3.41,56.638,-0.06,86.702,1,0,1,0,0.4922,0,0.4922,27502
NG=F,Commodities,SMA1M: 40 SMA,Active,-27.515,56.906,-0.484,99.855,233,1.13,2032,2309,0.2241,0.2609,0.485,196
NG=F,Commodities,SMA1M: 40 SMA,Passive,-3.41,56.638,-0.06,86.702,1,0,1,0,0.4922,0,0.4922,27502
NG=F,Commodities,SMA1M: 50 EMA,Active,-26.295,58.112,-0.452,99.869,216,1.04,1959,2372,0.2177,0.2696,0.4873,264
NG=F,Commodities,SMA1M: 50 EMA,Passive,-3.163,56.685,-0.056,86.705,1,0,1,0,0.4926,0,0.4926,28779
NG=F,Commodities,SMA1M: 50 SMA,Active,-25.053,58.146,-0.431,99.797,208,1,2043,2288,0.2283,0.2608,0.4892,352
NG=F,Commodities,SMA1M: 50 SMA,Passive,-3.163,56.685,-0.056,86.705,1,0,1,0,0.4926,0,0.4926,28779
NG=F,Commodities,SMA1M: 60 EMA,Active,-26.212,58.126,-0.451,99.855,207,1,1958,2361,0.2193,0.2709,0.4903,272
NG=F,Commodities,SMA1M: 60 EMA,Passive,-3.784,56.732,-0.067,86.704,1,0,1,0,0.4924,0,0.4924,25808
NG=F,Commodities,SMA1M: 60 SMA,Active,-20.409,58.212,-0.351,99.669,191,0.92,2006,2313,0.2247,0.2649,0.4896,998
NG=F,Commodities,SMA1M: 60 SMA,Passive,-3.784,56.732,-0.067,86.704,1,0,1,0,0.4924,0,0.4924,25808
NG=F,Commodities,SMA1M: 70 EMA,Active,-26.573,58.203,-0.457,99.852,201,0.98,1936,2374,0.2178,0.2734,0.4912,254
NG=F,Commodities,SMA1M: 70 EMA,Passive,-3.642,56.773,-0.064,86.705,1,0,1,0,0.4923,0,0.4923,26507
NG=F,Commodities,SMA1M: 70 SMA,Active,-18.977,58.214,-0.326,99.741,185,0.9,2013,2297,0.2259,0.2635,0.4893,1366
NG=F,Commodities,SMA1M: 70 SMA,Passive,-3.642,56.773,-0.064,86.705,1,0,1,0,0.4923,0,0.4923,26507
NG=F,Commodities,SMA1M: 80 EMA,Active,-25.391,58.263,-0.436,99.823,185,0.9,1913,2387,0.2152,0.2755,0.4907,337
NG=F,Commodities,SMA1M: 80 EMA,Passive,-3.902,56.819,-0.069,86.703,1,0,1,0,0.4923,0,0.4923,25346
NG=F,Commodities,SMA1M: 80 SMA,Active,-16.524,58.235,-0.284,99.569,159,0.77,2011,2289,0.228,0.2655,0.4935,2292
NG=F,Commodities,SMA1M: 80 SMA,Passive,-3.902,56.819,-0.069,86.703,1,0,1,0,0.4923,0,0.4923,25346
NG=F,Commodities,SMA1M: 90 EMA,Active,-25.565,58.334,-0.438,99.777,181,0.88,1894,2396,0.2123,0.2763,0.4886,328
NG=F,Commodities,SMA1M: 90 EMA,Passive,-3.974,56.872,-0.07,86.705,1,0,1,0,0.4921,0,0.4921,25068
NG=F,Commodities,SMA1M: 90 SMA,Active,-16.31,58.292,-0.28,99.553,147,0.72,1983,2307,0.226,0.2693,0.4953,2411
NG=F,Commodities,SMA1M: 90 SMA,Passive,-3.974,56.872,-0.07,86.705,1,0,1,0,0.4921,0,0.4921,25068
NG=F,Commodities,SMA1M: 100 EMA,Active,-24.158,58.4,-0.414,99.749,161,0.79,1865,2416,0.2113,0.2807,0.4921,456
NG=F,Commodities,SMA1M: 100 EMA,Passive,-3.722,56.932,-0.065,86.705,1,0,1,0,0.4925,0,0.4925,26251
NG=F,Commodities,SMA1M: 100 SMA,Active,-21.279,58.349,-0.365,99.768,147,0.72,1967,2314,0.2237,0.2693,0.493,858
NG=F,Commodities,SMA1M: 100 SMA,Passive,-3.722,56.932,-0.065,86.705,1,0,1,0,0.4925,0,0.4925,26251
HG=F,Commodities,SMA1M: 10 EMA,Active,-5.395,26.759,-0.202,84.921,439,2.1,2312,2059,0.2571,0.2246,0.4817,19106
HG=F,Commodities,SMA1M: 10 EMA,Passive,3.905,26.786,0.146,68.745,1,0,1,0,0.5005,0,0.5005,97178
HG=F,Commodities,SMA1M: 10 SMA,Active,-6.59,26.775,-0.246,83.974,429,2.05,2299,2072,0.2553,0.2251,0.4803,15327
HG=F,Commodities,SMA1M: 10 SMA,Passive,3.905,26.786,0.146,68.745,1,0,1,0,0.5005,0,0.5005,97178
HG=F,Commodities,SMA1M: 20 EMA,Active,-7.641,26.75,-0.286,92.13,345,1.65,2367,1993,0.263,0.2171,0.4801,12635
HG=F,Commodities,SMA1M: 20 EMA,Passive,3.848,26.78,0.144,68.744,1,0,1,0,0.5002,0,0.5002,96101
HG=F,Commodities,SMA1M: 20 SMA,Active,-4.597,26.72,-0.172,89.633,309,1.48,2351,2009,0.2646,0.2221,0.4867,22145
HG=F,Commodities,SMA1M: 20 SMA,Passive,3.848,26.78,0.144,68.744,1,0,1,0,0.5002,0,0.5002,96101
HG=F,Commodities,SMA1M: 30 EMA,Active,-3.913,26.719,-0.146,88.526,284,1.37,2351,2000,0.2652,0.221,0.4862,25097
HG=F,Commodities,SMA1M: 30 EMA,Passive,3.885,26.734,0.145,68.744,1,0,1,0,0.5005,0,0.5005,96561
HG=F,Commodities,SMA1M: 30 SMA,Active,-1.179,26.719,-0.044,79.415,250,1.2,2394,1957,0.2725,0.219,0.4915,40741
HG=F,Commodities,SMA1M: 30 SMA,Passive,3.885,26.734,0.145,68.744,1,0,1,0,0.5005,0,0.5005,96561
HG=F,Commodities,SMA1M: 40 EMA,Active,-0.782,26.686,-0.029,81.287,227,1.1,2318,2021,0.2644,0.2269,0.4912,43674
HG=F,Commodities,SMA1M: 40 EMA,Passive,3.527,26.703,0.132,68.744,1,0,1,0,0.5005,0,0.5005,90838
HG=F,Commodities,SMA1M: 40 SMA,Active,-4.591,26.698,-0.172,88.872,243,1.17,2366,1973,0.2678,0.2193,0.4871,22253
HG=F,Commodities,SMA1M: 40 SMA,Passive,3.527,26.703,0.132,68.744,1,0,1,0,0.5005,0,0.5005,90838
HG=F,Commodities,SMA1M: 50 EMA,Active,2.016,26.652,0.076,80.301,205,0.99,2277,2054,0.2615,0.2329,0.4945,70462
HG=F,Commodities,SMA1M: 50 EMA,Passive,3.015,26.669,0.113,68.744,1,0,1,0,0.5005,0,0.5005,83306
HG=F,Commodities,SMA1M: 50 SMA,Active,-0.376,26.652,-0.014,77.897,211,1.02,2308,2023,0.2643,0.2285,0.4928,46867
HG=F,Commodities,SMA1M: 50 SMA,Passive,3.015,26.669,0.113,68.744,1,0,1,0,0.5005,0,0.5005,83306
HG=F,Commodities,SMA1M: 60 EMA,Active,3.81,26.666,0.143,69.207,181,0.87,2256,2065,0.2605,0.2358,0.4963,94929
HG=F,Commodities,SMA1M: 60 EMA,Passive,2.839,26.686,0.106,68.744,1,0,1,0,0.5,0,0.5,80807
HG=F,Commodities,SMA1M: 60 SMA,Active,2.598,26.663,0.097,69.335,159,0.77,2279,2042,0.264,0.2344,0.4984,77614
HG=F,Commodities,SMA1M: 60 SMA,Passive,2.839,26.686,0.106,68.744,1,0,1,0,0.5,0,0.5,80807
HG=F,Commodities,SMA1M: 70 EMA,Active,2.62,26.646,0.098,67.645,171,0.83,2251,2060,0.2604,0.2365,0.497,77825
HG=F,Commodities,SMA1M: 70 EMA,Passive,2.029,26.661,0.076,68.744,1,0,1,0,0.4993,0,0.4993,70504
HG=F,Commodities,SMA1M: 70 SMA,Active,4.235,26.634,0.159,57.992,137,0.67,2259,2052,0.263,0.2375,0.5005,101661
HG=F,Commodities,SMA1M: 70 SMA,Passive,2.029,26.661,0.076,68.744,1,0,1,0,0.4993,0,0.4993,70504
HG=F,Commodities,SMA1M: 80 EMA,Active,2.039,26.643,0.077,66.367,169,0.82,2246,2055,0.2599,0.2364,0.4963,70561
HG=F,Commodities,SMA1M: 80 EMA,Passive,2.052,26.655,0.077,68.744,1,0,1,0,0.4991,0,0.4991,70714
HG=F,Commodities,SMA1M: 80 SMA,Active,4.55,26.634,0.171,64.511,139,0.67,2223,2078,0.2587,0.2406,0.4993,106849
HG=F,Commodities,SMA1M: 80 SMA,Passive,2.052,26.655,0.077,68.744,1,0,1,0,0.4991,0,0.4991,70714
HG=F,Commodities,SMA1M: 90 EMA,Active,1.446,26.633,0.054,58.533,149,0.73,2217,2073,0.2586,0.2409,0.4995,63851
HG=F,Commodities,SMA1M: 90 EMA,Passive,1.911,26.659,0.072,68.744,1,0,1,0,0.4986,0,0.4986,69020
HG=F,Commodities,SMA1M: 90 SMA,Active,6.193,26.628,0.233,54.037,133,0.65,2209,2081,0.2591,0.2432,0.5023,139089
HG=F,Commodities,SMA1M: 90 SMA,Passive,1.911,26.659,0.072,68.744,1,0,1,0,0.4986,0,0.4986,69020
HG=F,Commodities,SMA1M: 100 EMA,Active,1.047,26.584,0.039,59.387,153,0.75,2221,2058,0.2597,0.2394,0.4991,59681
HG=F,Commodities,SMA1M: 100 EMA,Passive,2.38,26.601,0.089,68.744,1,0,1,0,0.4988,0,0.4988,74561
HG=F,Commodities,SMA1M: 100 SMA,Active,2.475,26.578,0.093,69.637,131,0.64,2207,2072,0.2581,0.241,0.4991,75746
HG=F,Commodities,SMA1M: 100 SMA,Passive,2.38,26.601,0.089,68.744,1,0,1,0,0.4988,0,0.4988,74561
BTC-USD,Cryptocurrency,SMA1M: 10 EMA,Active,26.104,57.349,0.455,64.93,287,2.43,1953,1582,0.2975,0.2141,0.5116,1294056
BTC-USD,Cryptocurrency,SMA1M: 10 EMA,Passive,45.948,58.645,0.783,82.922,1,0,1,0,0.5305,0,0.5305,10053459
BTC-USD,Cryptocurrency,SMA1M: 10 SMA,Active,14.291,56.791,0.252,72.717,313,2.65,1955,1580,0.295,0.211,0.5059,325662
BTC-USD,Cryptocurrency,SMA1M: 10 SMA,Passive,45.948,58.645,0.783,82.922,1,0,1,0,0.5305,0,0.5305,10053459
BTC-USD,Cryptocurrency,SMA1M: 20 EMA,Active,22.166,56.952,0.389,63.806,214,1.83,1981,1543,0.3029,0.2099,0.5128,822658
BTC-USD,Cryptocurrency,SMA1M: 20 EMA,Passive,46.923,58.657,0.8,82.943,1,0,1,0,0.5312,0,0.5312,10869703
BTC-USD,Cryptocurrency,SMA1M: 20 SMA,Active,32.386,57.493,0.563,68.389,208,1.78,1949,1575,0.2992,0.2153,0.5145,2531080
BTC-USD,Cryptocurrency,SMA1M: 20 SMA,Passive,46.923,58.657,0.8,82.943,1,0,1,0,0.5312,0,0.5312,10869703
BTC-USD,Cryptocurrency,SMA1M: 30 EMA,Active,36.193,57.488,0.63,58.149,151,1.29,1989,1524,0.3097,0.213,0.5228,3717349
BTC-USD,Cryptocurrency,SMA1M: 30 EMA,Passive,46.05,58.681,0.785,82.874,1,0,1,0,0.5307,0,0.5307,9851417
BTC-USD,Cryptocurrency,SMA1M: 30 SMA,Active,42.823,57.467,0.745,61.557,155,1.32,1981,1532,0.3083,0.2139,0.5222,7213936
BTC-USD,Cryptocurrency,SMA1M: 30 SMA,Passive,46.05,58.681,0.785,82.874,1,0,1,0,0.5307,0,0.5307,9851417
BTC-USD,Cryptocurrency,SMA1M: 40 EMA,Active,31.972,57.506,0.556,65.042,124,1.06,1990,1515,0.3118,0.2128,0.5245,2369962
BTC-USD,Cryptocurrency,SMA1M: 40 EMA,Passive,47.179,58.736,0.803,82.955,1,0,1,0,0.5314,0,0.5314,10802123
BTC-USD,Cryptocurrency,SMA1M: 40 SMA,Active,49.976,57.673,0.867,58.561,110,0.94,2010,1495,0.3166,0.2119,0.5285,14035296
BTC-USD,Cryptocurrency,SMA1M: 40 SMA,Passive,47.179,58.736,0.803,82.955,1,0,1,0,0.5314,0,0.5314,10802123
BTC-USD,Cryptocurrency,SMA1M: 50 EMA,Active,33.714,57.38,0.588,64.203,109,0.94,1992,1499,0.3138,0.2131,0.5269,2811289
BTC-USD,Cryptocurrency,SMA1M: 50 EMA,Passive,47.753,58.791,0.812,82.948,1,0,1,0,0.5309,0,0.5309,11227231
BTC-USD,Cryptocurrency,SMA1M: 50 SMA,Active,49.748,57.796,0.861,67.842,97,0.84,2002,1490,0.3166,0.2131,0.5297,13522014
BTC-USD,Cryptocurrency,SMA1M: 50 SMA,Passive,47.753,58.791,0.812,82.948,1,0,1,0,0.5309,0,0.5309,11227231
BTC-USD,Cryptocurrency,SMA1M: 60 EMA,Active,30.408,57.588,0.528,65.258,113,0.97,2045,1439,0.3196,0.202,0.5215,1965912
BTC-USD,Cryptocurrency,SMA1M: 60 EMA,Passive,46.611,58.644,0.795,82.903,1,0,1,0,0.5307,0,0.5307,9929753
BTC-USD,Cryptocurrency,SMA1M: 60 SMA,Active,35.316,57.504,0.614,74.425,99,0.85,2006,1478,0.3164,0.21,0.5264,3276836
BTC-USD,Cryptocurrency,SMA1M: 60 SMA,Passive,46.611,58.644,0.795,82.903,1,0,1,0,0.5307,0,0.5307,9929753
BTC-USD,Cryptocurrency,SMA1M: 70 EMA,Active,32.189,57.551,0.559,64.626,101,0.87,2063,1412,0.3231,0.1988,0.5219,2345433
BTC-USD,Cryptocurrency,SMA1M: 70 EMA,Passive,47.41,58.694,0.808,82.875,1,0,1,0,0.5311,0,0.5311,10541898
BTC-USD,Cryptocurrency,SMA1M: 70 SMA,Active,31.764,57.607,0.551,67.4,87,0.75,2018,1457,0.3179,0.2066,0.5245,2243587
BTC-USD,Cryptocurrency,SMA1M: 70 SMA,Passive,47.41,58.694,0.808,82.875,1,0,1,0,0.5311,0,0.5311,10541898
BTC-USD,Cryptocurrency,SMA1M: 80 EMA,Active,37.902,57.88,0.655,68.268,88,0.77,2066,1398,0.3252,0.1979,0.5231,4149990
BTC-USD,Cryptocurrency,SMA1M: 80 EMA,Passive,47.257,58.747,0.804,82.947,1,0,1,0,0.5309,0,0.5309,10233487
BTC-USD,Cryptocurrency,SMA1M: 80 SMA,Active,40.535,57.822,0.701,57.063,84,0.73,2032,1432,0.3179,0.2005,0.5185,5382721
BTC-USD,Cryptocurrency,SMA1M: 80 SMA,Passive,47.257,58.747,0.804,82.947,1,0,1,0,0.5309,0,0.5309,10233487
BTC-USD,Cryptocurrency,SMA1M: 90 EMA,Active,41.14,57.939,0.71,72.154,66,0.57,2085,1370,0.3302,0.1953,0.5255,5632955
BTC-USD,Cryptocurrency,SMA1M: 90 EMA,Passive,49.198,58.833,0.836,83.008,1,0,1,0,0.5312,0,0.5312,12059446
BTC-USD,Cryptocurrency,SMA1M: 90 SMA,Active,33.971,57.7,0.589,69.91,78,0.68,2035,1420,0.3197,0.1994,0.5191,2756392
BTC-USD,Cryptocurrency,SMA1M: 90 SMA,Passive,49.198,58.833,0.836,83.008,1,0,1,0,0.5312,0,0.5312,12059446
BTC-USD,Cryptocurrency,SMA1M: 100 EMA,Active,40.78,57.901,0.704,82.437,70,0.61,2092,1352,0.332,0.1933,0.5252,5365766
BTC-USD,Cryptocurrency,SMA1M: 100 EMA,Passive,49.558,58.871,0.842,82.939,1,0,1,0,0.5313,0,0.5313,12266621
BTC-USD,Cryptocurrency,SMA1M: 100 SMA,Active,41.42,57.704,0.718,70.428,54,0.47,2053,1391,0.3265,0.1991,0.5255,5709086
BTC-USD,Cryptocurrency,SMA1M: 100 SMA,Passive,49.558,58.871,0.842,82.939,1,0,1,0,0.5313,0,0.5313,12266621
ETH-USD,Cryptocurrency,SMA1M: 10 EMA,Active,31.673,73.73,0.43,80.896,203,2.54,1230,1155,0.2631,0.2354,0.4985,676709
ETH-USD,Cryptocurrency,SMA1M: 10 EMA,Passive,31.779,74.987,0.424,93.839,1,0,1,0,0.5124,0,0.5124,681877
ETH-USD,Cryptocurrency,SMA1M: 10 SMA,Active,54.766,73.314,0.747,75.413,205,2.56,1247,1138,0.2656,0.2308,0.4964,3125074
ETH-USD,Cryptocurrency,SMA1M: 10 SMA,Passive,31.779,74.987,0.424,93.839,1,0,1,0,0.5124,0,0.5124,681877
ETH-USD,Cryptocurrency,SMA1M: 20 EMA,Active,22.538,73.67,0.306,81.139,141,1.76,1189,1187,0.2562,0.2444,0.5006,339800
ETH-USD,Cryptocurrency,SMA1M: 20 EMA,Passive,29.489,74.834,0.394,93.812,1,0,1,0,0.512,0,0.512,571714
ETH-USD,Cryptocurrency,SMA1M: 20 SMA,Active,25.521,73.593,0.347,86.203,137,1.71,1208,1168,0.2592,0.2394,0.4985,426298
ETH-USD,Cryptocurrency,SMA1M: 20 SMA,Passive,29.489,74.834,0.394,93.812,1,0,1,0,0.512,0,0.512,571714
ETH-USD,Cryptocurrency,SMA1M: 30 EMA,Active,42.467,73.582,0.577,88.698,95,1.2,1236,1130,0.2721,0.2387,0.5108,1387310
ETH-USD,Cryptocurrency,SMA1M: 30 EMA,Passive,29.631,74.856,0.396,93.81,1,0,1,0,0.5112,0,0.5112,571715
ETH-USD,Cryptocurrency,SMA1M: 30 SMA,Active,49.185,73.598,0.668,78.222,103,1.3,1228,1138,0.2666,0.2366,0.5032,2138210
ETH-USD,Cryptocurrency,SMA1M: 30 SMA,Passive,29.631,74.856,0.396,93.81,1,0,1,0,0.5112,0,0.5112,571715
ETH-USD,Cryptocurrency,SMA1M: 40 EMA,Active,26.539,72.951,0.364,71.421,91,1.15,1230,1126,0.272,0.2397,0.5117,451542
ETH-USD,Cryptocurrency,SMA1M: 40 EMA,Passive,22.266,74.134,0.3,93.803,1,0,1,0,0.5104,0,0.5104,327496
ETH-USD,Cryptocurrency,SMA1M: 40 SMA,Active,31.908,73.202,0.436,80.404,77,0.97,1237,1119,0.2741,0.2389,0.5129,665895
ETH-USD,Cryptocurrency,SMA1M: 40 SMA,Passive,22.266,74.134,0.3,93.803,1,0,1,0,0.5104,0,0.5104,327496
ETH-USD,Cryptocurrency,SMA1M: 50 EMA,Active,44.917,72.555,0.619,70.873,67,0.85,1232,1114,0.2769,0.2416,0.5185,1580893
ETH-USD,Cryptocurrency,SMA1M: 50 EMA,Passive,23.558,73.929,0.319,93.761,1,0,1,0,0.5104,0,0.5104,358295
ETH-USD,Cryptocurrency,SMA1M: 50 SMA,Active,34.785,72.66,0.479,69.627,69,0.87,1224,1122,0.2723,0.2403,0.5126,805146
ETH-USD,Cryptocurrency,SMA1M: 50 SMA,Passive,23.558,73.929,0.319,93.761,1,0,1,0,0.5104,0,0.5104,358295
ETH-USD,Cryptocurrency,SMA1M: 60 EMA,Active,9.413,72.156,0.13,79.732,65,0.83,1236,1098,0.2756,0.2371,0.5126,115112
ETH-USD,Cryptocurrency,SMA1M: 60 EMA,Passive,16.58,73.257,0.226,93.616,1,0,1,0,0.5092,0,0.5092,207278
ETH-USD,Cryptocurrency,SMA1M: 60 SMA,Active,20.451,72.188,0.283,71.867,61,0.78,1265,1069,0.2833,0.2323,0.5156,280590
ETH-USD,Cryptocurrency,SMA1M: 60 SMA,Passive,16.58,73.257,0.226,93.616,1,0,1,0,0.5092,0,0.5092,207278
ETH-USD,Cryptocurrency,SMA1M: 70 EMA,Active,7.225,71.88,0.101,81.787,67,0.86,1259,1067,0.2819,0.2316,0.5135,95193
ETH-USD,Cryptocurrency,SMA1M: 70 EMA,Passive,19.801,73.149,0.271,92.863,1,0,1,0,0.5097,0,0.5097,264954
ETH-USD,Cryptocurrency,SMA1M: 70 SMA,Active,-8.819,71.485,-0.123,90.606,61,0.78,1269,1057,0.2823,0.2278,0.5101,21325
ETH-USD,Cryptocurrency,SMA1M: 70 SMA,Passive,19.801,73.149,0.271,92.863,1,0,1,0,0.5097,0,0.5097,264954
ETH-USD,Cryptocurrency,SMA1M: 80 EMA,Active,9.268,71.767,0.129,86.798,63,0.81,1259,1056,0.284,0.2305,0.5145,112911
ETH-USD,Cryptocurrency,SMA1M: 80 EMA,Passive,17.933,72.912,0.246,92.388,1,0,1,0,0.5097,0,0.5097,227678
ETH-USD,Cryptocurrency,SMA1M: 80 SMA,Active,-2.483,72.107,-0.034,87.175,57,0.73,1278,1037,0.2866,0.2249,0.5114,39685
ETH-USD,Cryptocurrency,SMA1M: 80 SMA,Passive,17.933,72.912,0.246,92.388,1,0,1,0,0.5097,0,0.5097,227678
ETH-USD,Cryptocurrency,SMA1M: 90 EMA,Active,19.267,71.106,0.271,87.938,53,0.69,1250,1056,0.2848,0.2328,0.5176,250714
ETH-USD,Cryptocurrency,SMA1M: 90 EMA,Passive,22.797,72.304,0.315,91.127,1,0,1,0,0.5106,0,0.5106,327424
ETH-USD,Cryptocurrency,SMA1M: 90 SMA,Active,11.711,72.07,0.162,86.846,49,0.64,1283,1023,0.2909,0.2245,0.5154,137750
ETH-USD,Cryptocurrency,SMA1M: 90 SMA,Passive,22.797,72.304,0.315,91.127,1,0,1,0,0.5106,0,0.5106,327424
ETH-USD,Cryptocurrency,SMA1M: 100 EMA,Active,1.549,71.66,0.022,90.966,51,0.66,1225,1071,0.2804,0.2373,0.5176,57518
ETH-USD,Cryptocurrency,SMA1M: 100 EMA,Passive,20.818,72.21,0.288,90.878,1,0,1,0,0.5098,0,0.5098,280081
ETH-USD,Cryptocurrency,SMA1M: 100 SMA,Active,9.11,71.949,0.127,87.153,45,0.58,1264,1032,0.2878,0.2277,0.5155,110655
ETH-USD,Cryptocurrency,SMA1M: 100 SMA,Passive,20.818,72.21,0.288,90.878,1,0,1,0,0.5098,0,0.5098,280081
